-- phpMyAdmin SQL Dump
-- version 4.9.2
-- https://www.phpmyadmin.net/
--
-- Host: 127.0.0.1
-- Generation Time: Nov 29, 2022 at 08:12 AM
-- Server version: 10.4.10-MariaDB
-- PHP Version: 7.3.12

SET SQL_MODE = "NO_AUTO_VALUE_ON_ZERO";
SET AUTOCOMMIT = 0;
START TRANSACTION;
SET time_zone = "+00:00";


/*!40101 SET @OLD_CHARACTER_SET_CLIENT=@@CHARACTER_SET_CLIENT */;
/*!40101 SET @OLD_CHARACTER_SET_RESULTS=@@CHARACTER_SET_RESULTS */;
/*!40101 SET @OLD_COLLATION_CONNECTION=@@COLLATION_CONNECTION */;
/*!40101 SET NAMES utf8mb4 */;

--
-- Database: `demo_ims_db`
--

-- --------------------------------------------------------

--
-- Table structure for table `auth_group`
--

CREATE TABLE `auth_group` (
  `id` int(11) NOT NULL,
  `name` varchar(150) NOT NULL
) ENGINE=InnoDB DEFAULT CHARSET=utf8mb4;

--
-- Dumping data for table `auth_group`
--

INSERT INTO `auth_group` (`id`, `name`) VALUES
(2, 'Inventory Manager'),
(1, 'Inventory Operators');

-- --------------------------------------------------------

--
-- Table structure for table `auth_group_permissions`
--

CREATE TABLE `auth_group_permissions` (
  `id` bigint(20) NOT NULL,
  `group_id` int(11) NOT NULL,
  `permission_id` int(11) NOT NULL
) ENGINE=InnoDB DEFAULT CHARSET=utf8mb4;

--
-- Dumping data for table `auth_group_permissions`
--

INSERT INTO `auth_group_permissions` (`id`, `group_id`, `permission_id`) VALUES
(15, 1, 29),
(16, 1, 30),
(17, 1, 31),
(1, 1, 32),
(2, 1, 40),
(3, 1, 41),
(4, 1, 43),
(5, 1, 44),
(6, 1, 45),
(7, 1, 47),
(8, 1, 48),
(9, 1, 49),
(10, 1, 51),
(11, 1, 52),
(12, 1, 53),
(13, 1, 55),
(14, 1, 56),
(32, 2, 29),
(33, 2, 30),
(34, 2, 31),
(18, 2, 32),
(19, 2, 40),
(20, 2, 41),
(21, 2, 43),
(22, 2, 44),
(23, 2, 45),
(24, 2, 47),
(25, 2, 48),
(26, 2, 49),
(27, 2, 51),
(28, 2, 52),
(29, 2, 53),
(30, 2, 55),
(31, 2, 56);

-- --------------------------------------------------------

--
-- Table structure for table `auth_permission`
--

CREATE TABLE `auth_permission` (
  `id` int(11) NOT NULL,
  `name` varchar(255) NOT NULL,
  `content_type_id` int(11) NOT NULL,
  `codename` varchar(100) NOT NULL
) ENGINE=InnoDB DEFAULT CHARSET=utf8mb4;

--
-- Dumping data for table `auth_permission`
--

INSERT INTO `auth_permission` (`id`, `name`, `content_type_id`, `codename`) VALUES
(1, 'Can add log entry', 1, 'add_logentry'),
(2, 'Can change log entry', 1, 'change_logentry'),
(3, 'Can delete log entry', 1, 'delete_logentry'),
(4, 'Can view log entry', 1, 'view_logentry'),
(5, 'Can add permission', 2, 'add_permission'),
(6, 'Can change permission', 2, 'change_permission'),
(7, 'Can delete permission', 2, 'delete_permission'),
(8, 'Can view permission', 2, 'view_permission'),
(9, 'Can add group', 3, 'add_group'),
(10, 'Can change group', 3, 'change_group'),
(11, 'Can delete group', 3, 'delete_group'),
(12, 'Can view group', 3, 'view_group'),
(13, 'Can add user', 4, 'add_user'),
(14, 'Can change user', 4, 'change_user'),
(15, 'Can delete user', 4, 'delete_user'),
(16, 'Can view user', 4, 'view_user'),
(17, 'Can add content type', 5, 'add_contenttype'),
(18, 'Can change content type', 5, 'change_contenttype'),
(19, 'Can delete content type', 5, 'delete_contenttype'),
(20, 'Can view content type', 5, 'view_contenttype'),
(21, 'Can add session', 6, 'add_session'),
(22, 'Can change session', 6, 'change_session'),
(23, 'Can delete session', 6, 'delete_session'),
(24, 'Can view session', 6, 'view_session'),
(25, 'Can add godown', 7, 'add_godown'),
(26, 'Can change godown', 7, 'change_godown'),
(27, 'Can delete godown', 7, 'delete_godown'),
(28, 'Can view godown', 7, 'view_godown'),
(29, 'Can add item', 8, 'add_item'),
(30, 'Can change item', 8, 'change_item'),
(31, 'Can delete item', 8, 'delete_item'),
(32, 'Can view item', 8, 'view_item'),
(33, 'Can add profile', 9, 'add_profile'),
(34, 'Can change profile', 9, 'change_profile'),
(35, 'Can delete profile', 9, 'delete_profile'),
(36, 'Can view profile', 9, 'view_profile'),
(37, 'Can add godown item', 10, 'add_godownitem'),
(38, 'Can change godown item', 10, 'change_godownitem'),
(39, 'Can delete godown item', 10, 'delete_godownitem'),
(40, 'Can view godown item', 10, 'view_godownitem'),
(41, 'Can add out document item', 11, 'add_outdocumentitem'),
(42, 'Can change out document item', 11, 'change_outdocumentitem'),
(43, 'Can delete out document item', 11, 'delete_outdocumentitem'),
(44, 'Can view out document item', 11, 'view_outdocumentitem'),
(45, 'Can add out document', 12, 'add_outdocument'),
(46, 'Can change out document', 12, 'change_outdocument'),
(47, 'Can delete out document', 12, 'delete_outdocument'),
(48, 'Can view out document', 12, 'view_outdocument'),
(49, 'Can add in document item', 13, 'add_indocumentitem'),
(50, 'Can change in document item', 13, 'change_indocumentitem'),
(51, 'Can delete in document item', 13, 'delete_indocumentitem'),
(52, 'Can view in document item', 13, 'view_indocumentitem'),
(53, 'Can add in document', 14, 'add_indocument'),
(54, 'Can change in document', 14, 'change_indocument'),
(55, 'Can delete in document', 14, 'delete_indocument'),
(56, 'Can view in document', 14, 'view_indocument');

-- --------------------------------------------------------

--
-- Table structure for table `auth_user`
--

CREATE TABLE `auth_user` (
  `id` int(11) NOT NULL,
  `password` varchar(128) NOT NULL,
  `last_login` datetime(6) DEFAULT NULL,
  `is_superuser` tinyint(1) NOT NULL,
  `username` varchar(150) NOT NULL,
  `first_name` varchar(150) NOT NULL,
  `last_name` varchar(150) NOT NULL,
  `email` varchar(254) NOT NULL,
  `is_staff` tinyint(1) NOT NULL,
  `is_active` tinyint(1) NOT NULL,
  `date_joined` datetime(6) NOT NULL
) ENGINE=InnoDB DEFAULT CHARSET=utf8mb4;

--
-- Dumping data for table `auth_user`
--

INSERT INTO `auth_user` (`id`, `password`, `last_login`, `is_superuser`, `username`, `first_name`, `last_name`, `email`, `is_staff`, `is_active`, `date_joined`) VALUES
(1, 'pbkdf2_sha256$390000$hrOm7SLP6QqWRkYFIuYtCC$gwi0ZxrN+imB2NJNyRGFw2wFQEzrswrMDUtA6vksmBw=', '2022-11-28 12:25:53.932052', 1, 'Harshal', '', '', 'harshalshah43@gmail.com', 1, 1, '2022-11-28 07:31:49.442257'),
(2, 'pbkdf2_sha256$390000$vtgao8ViWj9ca2vaJtGfHW$G8IvHROlAHL6yTcJXBOELQwvaF6qrYD6WYOauPr3lfE=', '2022-11-28 12:06:04.162951', 0, 'Sandhya', '', '', '', 1, 1, '2022-11-28 07:34:23.000000'),
(3, 'pbkdf2_sha256$390000$mts6jBNZaf3C3PyLhtp7Cb$CTv13LKOtTbnTClHiITnRMZ+uBoMjnviC0EVO9XQdfk=', '2022-11-28 11:45:15.371730', 0, 'Tukaram', '', '', '', 1, 1, '2022-11-28 07:34:39.000000'),
(6, 'pbkdf2_sha256$390000$zH8oFF7TMK9pv2oeQshSXo$rC3YZs5Qotz7w2KnHMZv7S9idPoism8KMC1XmqD+IcY=', NULL, 0, 'PalanH', '', '', '', 1, 1, '2022-11-28 12:17:00.000000'),
(7, 'pbkdf2_sha256$390000$hoJyiBOCbUs5JScivVwJVS$pVgsdC+OJ6qTZ+XaC4TO55C0aLppbP2TDcb2vGheCTA=', '2022-11-28 12:26:11.168592', 0, 'PalanM1', '', '', '', 1, 1, '2022-11-28 12:17:40.000000'),
(8, 'pbkdf2_sha256$390000$7sFAkKJOOziZNGPi1Aun2E$/K/wNrMrYcD6lfDnj2v2nLL7KgHqgtHKgAwiuH3koaY=', '2022-11-28 12:24:41.508821', 0, 'PalanM2', '', '', '', 1, 1, '2022-11-28 12:18:02.000000'),
(9, 'pbkdf2_sha256$390000$NwoAehdwHTC312FGSGTkkh$AoE9bzEQF2fCBx4lP5+BCALlfDOUSorun753Y9bCahY=', NULL, 0, 'PalanM3', '', '', '', 1, 1, '2022-11-28 12:18:17.000000');

-- --------------------------------------------------------

--
-- Table structure for table `auth_user_groups`
--

CREATE TABLE `auth_user_groups` (
  `id` bigint(20) NOT NULL,
  `user_id` int(11) NOT NULL,
  `group_id` int(11) NOT NULL
) ENGINE=InnoDB DEFAULT CHARSET=utf8mb4;

--
-- Dumping data for table `auth_user_groups`
--

INSERT INTO `auth_user_groups` (`id`, `user_id`, `group_id`) VALUES
(1, 2, 1),
(2, 3, 1),
(7, 6, 1),
(8, 7, 1),
(9, 8, 1),
(10, 9, 1);

-- --------------------------------------------------------

--
-- Table structure for table `auth_user_user_permissions`
--

CREATE TABLE `auth_user_user_permissions` (
  `id` bigint(20) NOT NULL,
  `user_id` int(11) NOT NULL,
  `permission_id` int(11) NOT NULL
) ENGINE=InnoDB DEFAULT CHARSET=utf8mb4;

-- --------------------------------------------------------

--
-- Table structure for table `core_godown`
--

CREATE TABLE `core_godown` (
  `id` bigint(20) NOT NULL,
  `godown_name` varchar(40) NOT NULL
) ENGINE=InnoDB DEFAULT CHARSET=utf8mb4;

--
-- Dumping data for table `core_godown`
--

INSERT INTO `core_godown` (`id`, `godown_name`) VALUES
(1, 'Bhiwandi'),
(2, 'Vasai'),
(3, 'M1'),
(4, 'M2'),
(5, 'M3'),
(6, 'Haroon Building');

-- --------------------------------------------------------

--
-- Table structure for table `core_godownitem`
--

CREATE TABLE `core_godownitem` (
  `id` bigint(20) NOT NULL,
  `qty` int(11) NOT NULL,
  `godown_id` bigint(20) NOT NULL,
  `item_id` bigint(20) NOT NULL
) ENGINE=InnoDB DEFAULT CHARSET=utf8mb4;

--
-- Dumping data for table `core_godownitem`
--

INSERT INTO `core_godownitem` (`id`, `qty`, `godown_id`, `item_id`) VALUES
(19, 35, 2, 1),
(20, 0, 2, 3),
(21, 0, 2, 5),
(22, 30, 1, 1),
(23, 30, 1, 2),
(24, 30, 1, 3),
(25, 20, 3, 1),
(26, 20, 3, 2),
(27, 10, 3, 3),
(28, 4, 4, 1),
(29, 4, 4, 2),
(30, 4, 4, 3),
(31, 9, 5, 1),
(32, 9, 5, 2),
(33, 9, 5, 3);

-- --------------------------------------------------------

--
-- Table structure for table `core_indocument`
--

CREATE TABLE `core_indocument` (
  `id` bigint(20) NOT NULL,
  `date_posted` datetime(6) NOT NULL,
  `total_qty` int(11) NOT NULL,
  `total_rows` int(11) NOT NULL,
  `type` varchar(10) DEFAULT NULL,
  `invoiceno` varchar(75) DEFAULT NULL,
  `OAno` varchar(75) DEFAULT NULL,
  `remarks` varchar(30) DEFAULT NULL,
  `godown_id` bigint(20) NOT NULL,
  `person_id` bigint(20) NOT NULL
) ENGINE=InnoDB DEFAULT CHARSET=utf8mb4;

--
-- Dumping data for table `core_indocument`
--

INSERT INTO `core_indocument` (`id`, `date_posted`, `total_qty`, `total_rows`, `type`, `invoiceno`, `OAno`, `remarks`, `godown_id`, `person_id`) VALUES
(10, '2022-11-28 11:38:19.000000', 120, 3, 'INC', '1', NULL, NULL, 2, 3),
(11, '2022-11-28 11:40:48.000000', 90, 3, 'INC', NULL, NULL, NULL, 1, 4),
(12, '2022-11-28 11:48:03.000000', 200, 2, 'INC', NULL, NULL, NULL, 3, 1),
(17, '2022-11-28 12:30:49.000000', 10, 1, 'INC', NULL, NULL, NULL, 3, 10),
(18, '2022-11-28 12:31:08.000000', 10, 1, 'INC', NULL, NULL, NULL, 3, 10);

-- --------------------------------------------------------

--
-- Table structure for table `core_indocumentitem`
--

CREATE TABLE `core_indocumentitem` (
  `id` bigint(20) NOT NULL,
  `qty` int(11) NOT NULL,
  `indocument_id` bigint(20) NOT NULL,
  `item_id` bigint(20) NOT NULL
) ENGINE=InnoDB DEFAULT CHARSET=utf8mb4;

--
-- Dumping data for table `core_indocumentitem`
--

INSERT INTO `core_indocumentitem` (`id`, `qty`, `indocument_id`, `item_id`) VALUES
(19, 50, 10, 1),
(20, 30, 10, 3),
(21, 40, 10, 5),
(22, 30, 11, 1),
(23, 30, 11, 2),
(24, 30, 11, 3),
(25, 100, 12, 1),
(26, 100, 12, 2),
(39, 10, 17, 1),
(40, 10, 18, 3);

-- --------------------------------------------------------

--
-- Table structure for table `core_item`
--

CREATE TABLE `core_item` (
  `id` bigint(20) NOT NULL,
  `item_code` varchar(50) NOT NULL,
  `item_description` varchar(75) DEFAULT NULL,
  `MOQ` int(11) NOT NULL,
  `brand` varchar(40) DEFAULT NULL
) ENGINE=InnoDB DEFAULT CHARSET=utf8mb4;

--
-- Dumping data for table `core_item`
--

INSERT INTO `core_item` (`id`, `item_code`, `item_description`, `MOQ`, `brand`) VALUES
(1, '170E3584', 'FUSE 80A 750V 1*EK/155 GDC DC gR', 1, 'Bussmann'),
(2, '170L4716', 'FUSE 200A 1000V 1SHT AR', 3, 'Bussmann'),
(3, '170L7299', 'FUSE 1000A 1000V 3/110 AR', 1, 'Bussmann'),
(4, '170L7299-H', 'FUSE 1000A 1000V 3S/100 AR', 1, 'Bussmann'),
(5, '170L8082', 'FUSE 525A 1000V 2SKN/170 AR', 2, 'Bussmann'),
(6, '170L8109', 'FUSE 450A 1000V 2S/130 AR', 2, 'Bussmann'),
(7, '170L8110', 'FUSE 450A 1000V 2SKN/170 AR', 2, 'Bussmann'),
(8, '170L8115', 'FUSE 450A 1000V 2STN/130 AR', 1, 'Bussmann'),
(9, '170L8880', 'FUSE 500A 1000V 2BKN/75 AR', 2, 'Bussmann'),
(10, '170L9578', 'FUSE 750A 1000V 3BKN/75 AR', 2, 'Bussmann'),
(11, '170L9581', 'FUSE 725A 1000V 3BKN/75 AR', 2, 'Bussmann'),
(12, '170L9666', 'FUSE 1000A 1000V 3BN/75 AR', 2, 'Bussmann'),
(13, '170N3437', 'FUSE 65A 660V 0000FU/65 GR', 10, 'Bussmann'),
(14, '170M0213', 'FUSE 40A 660V 0000FU/65 GR UR', 10, 'Bussmann'),
(15, '170M1309', 'FUSE 16A 690V 000U/80 GR UC', 10, 'Bussmann'),
(16, '170M1310', 'FUSE 20A 690V 000U/80 GR UC', 10, 'Bussmann'),
(17, '170M1312', 'FUSE 32A 690V 000U/80 GR UC', 10, 'Bussmann'),
(18, '170M1314', 'FUSE 50A 690V 000U/80 GR UC', 10, 'Bussmann'),
(19, '170M1316', 'FUSE 80A 690V 000U/80 AR UC', 10, 'Bussmann'),
(20, '170M1358', 'FUSE 10A 690V 000/80 GR UC', 10, 'Bussmann'),
(21, '170M1359', 'FUSE 16A 690V 000/80 GR UC', 10, 'Bussmann'),
(22, '170M1360', 'FUSE 20A 690V 000/80 GR UC', 10, 'Bussmann'),
(23, '170M1408', 'FUSE 10A 690V 000TN/80 GR UC', 10, 'Bussmann'),
(24, '170M1409', 'FUSE 16A 690V 000TN/80 GR UC', 10, 'Bussmann'),
(25, '170M1410', 'FUSE 20A 690V 000TN/80 GR UC', 10, 'Bussmann'),
(26, '170M1411', 'FUSE 25A 690V 000TN/80 GR UC', 10, 'Bussmann'),
(27, '170M1412', 'FUSE 32A 690V 000TN/80 GR UC', 10, 'Bussmann'),
(28, '170M1413', 'FUSE 40A 690V 000TN/80 GR UC', 10, 'Bussmann'),
(29, '170M1414', 'FUSE 50A 690V 000TN/80 GR UC', 10, 'Bussmann'),
(30, '170M1750', 'FUSE 25A 690V 000FU/70 AR CU', 5, 'Bussmann'),
(31, '170M1755', 'FUSE 80A 690V IEC aR 000FU/70', 5, 'Bussmann'),
(32, '170M1757', 'FUSE 125A 690V 000FU/70 AR CU', 5, 'Bussmann'),
(33, '170M1760', 'FUSE 250A 690V 000FU/70 AR CU', 5, 'Bussmann'),
(34, '170M1761', 'FUSE 315A 690V IEC aR 000FU/70', 1, 'Bussmann'),
(35, '170M1802', 'FUSE 25A 1000V IEC aR 000FU/90', 3, 'Bussmann'),
(36, '170M1804', 'FUSE 40A 1000V 000FU/90 AR', 3, 'Bussmann'),
(37, '170M1806', 'FUSE 63A 1000V 000FU/90 AR UR', 3, 'Bussmann'),
(38, '170M1808', 'FUSE 100A 1000V 000FU/90 AR UR', 3, 'Bussmann'),
(39, '170M1810', 'FUSE 160A 1000V 000FU/90 AR UR', 3, 'Bussmann'),
(40, '170M1811', 'FUSE 200A 1000V 000FU/90 AR UR', 3, 'Bussmann'),
(41, '170M1813', 'FUSE 250A 1000V 000FU/90 AR UR', 3, 'Bussmann'),
(42, '170M1831', 'FUSE 400A 1000V 230FU/90 AR CU', 6, 'Bussmann'),
(43, '170M2005', 'FUSE 160A 750VDC 1C/A124 PC GR', 1, 'Bussmann'),
(44, '170M2010', 'FUSE 450A 750VDC A3/A130 PC GR', 1, 'Bussmann'),
(45, '170M2011', 'FUSE 500A 750VDC A3/A130 PC GR', 1, 'Bussmann'),
(46, '170M3008', 'FUSE 40A 690V 1*/80 AR UC', 6, 'Bussmann'),
(47, '170M3009', 'FUSE 50A 690V 1*/80 AR UC', 6, 'Bussmann'),
(48, '170M3010', 'FUSE 63A 690V 1*/80 AR UC', 6, 'Bussmann'),
(49, '170M3012', 'FUSE 100A 690V 1*/80 AR UC', 6, 'Bussmann'),
(50, '170M3016', 'FUSE 250A 690V 1*/80 AR UC', 6, 'Bussmann'),
(51, '170M3023', 'FUSE 630A 690V 1*/80 AR UC', 6, 'Bussmann'),
(52, '170M3062', 'FUSE 100A 690V 1*TN/80 AR UC', 6, 'Bussmann'),
(53, '170M3064', 'FUSE 160A 690V 1*TN/80 AR UC', 6, 'Bussmann'),
(54, '170M3065', 'FUSE 200A 690V 1*TN/80 AR UC', 6, 'Bussmann'),
(55, '170M3066', 'FUSE 250A 690V 1*TN/80 AR UC', 6, 'Bussmann'),
(56, '170M3067', 'FUSE 315A 690V 1*TN/80 AR UC', 6, 'Bussmann'),
(57, '170M3069', 'FUSE 400A 690V 1*TN/80 AR UC', 6, 'Bussmann'),
(58, '170M3071', 'FUSE 500A 690V 1*TN/80 AR UC', 6, 'Bussmann'),
(59, '170M3073', 'FUSE 630A 690V 1*TN/80 AR UC', 6, 'Bussmann'),
(60, '170M3108', 'FUSE 40A 690V 1*KN/80 AR UC', 6, 'Bussmann'),
(61, '170M3109', 'FUSE 50A 690V 1*KN/80 AR UC', 6, 'Bussmann'),
(62, '170M3110', 'FUSE 63A 690V 1*KN/80 AR UC', 6, 'Bussmann'),
(63, '170M3111', 'FUSE 80A 690V 1*KN/80 AR UC', 6, 'Bussmann'),
(64, '170M3112', 'FUSE 100A 690V 1*KN/80 AR UC', 6, 'Bussmann'),
(65, '170M3113', 'FUSE 125A 690V 1*KN/80 AR UC', 6, 'Bussmann'),
(66, '170M3119', 'FUSE 400A 690V 1*KN/80 AR UC', 6, 'Bussmann'),
(67, '170M3121', 'FUSE 500A 690V 1*KN/80 AR UC', 6, 'Bussmann'),
(68, '170M3122', 'FUSE 550A 690V 1*KN/80 AR UC', 6, 'Bussmann'),
(69, '170M3123', 'FUSE 630A 690V 1*KN/80 AR UC', 6, 'Bussmann'),
(70, '170M3161', 'FUSE 80A 690V 1*/110 AR UC', 6, 'Bussmann'),
(71, '170M3164', 'FUSE 160A 690V 1*/110 AR UC', 6, 'Bussmann'),
(72, '170M3165', 'FUSE 200A 690V 1*/110 AR UC', 6, 'Bussmann'),
(73, '170M3167', 'FUSE 315A 690V 1*/110 AR UC', 6, 'Bussmann'),
(74, '170M3170', 'FUSE 450A 690V 1*/110 AR UC', 6, 'Bussmann'),
(75, '170M3208', 'FUSE 40A 690V 1*TN/110 AR UC', 6, 'Bussmann'),
(76, '170M3209', 'FUSE 50A 690V 1*TN/110 AR UC', 6, 'Bussmann'),
(77, '170M3210', 'FUSE 63A 690V 1*TN/110 AR UC', 6, 'Bussmann'),
(78, '170M3213', 'FUSE 125A 690V 1*TN/110 AR UC', 6, 'Bussmann'),
(79, '170M3217', 'FUSE 315A 690V 1*TN/110 AR UC', 6, 'Bussmann'),
(80, '170M3219', 'FUSE 400A 690V 1*TN/110 AR UC', 6, 'Bussmann'),
(81, '170M3261', 'FUSE 80A 690V 1*KN/110 AR UC', 6, 'Bussmann'),
(82, '170M3264', 'FUSE 160A 690V 1*KN/110 AR UC', 6, 'Bussmann'),
(83, '170M3265', 'FUSE 200A 690V 1*KN/110 AR UC', 6, 'Bussmann'),
(84, '170M3266', 'FUSE 250A 690V 1*KN/110 AR UC', 6, 'Bussmann'),
(85, '170M3267', 'FUSE 315A 690V 1*KN/110 AR UC', 6, 'Bussmann'),
(86, '170M3269', 'FUSE 400A 690V 1*KN/110 AR UC', 6, 'Bussmann'),
(87, '170M3270', 'FUSE 450A 690V 1*KN/110 AR UC', 6, 'Bussmann'),
(88, '170M3316', 'FUSE 250A 690V 1*E/76 AR UC', 6, 'Bussmann'),
(89, '170M3319', 'FUSE 400A 690V 1*E/76 AR UC', 6, 'Bussmann'),
(90, '170M3415', 'FUSE 200A 690V 1*BN/50 AR UC', 6, 'Bussmann'),
(91, '170M3416', 'FUSE 250A 690V 1*BN/50 AR UC', 6, 'Bussmann'),
(92, '170M3420', 'FUSE 450A 690V 1*BN/50 AR UC', 6, 'Bussmann'),
(93, '170M3422', 'FUSE 550A 690V 1*BN/50 AR UC', 6, 'Bussmann'),
(94, '170M3467', 'FUSE 315A 690V 1*BKN/50 AR UC', 6, 'Bussmann'),
(95, '170M3468', 'FUSE 350A 690V 1*BKN/50 AR UC', 6, 'Bussmann'),
(96, '170M3469', 'FUSE 400A 690V 1*BKN/50 AR UC', 6, 'Bussmann'),
(97, '170M3470', 'FUSE 450A 690V 1*BKN/50 AR UC', 6, 'Bussmann'),
(98, '170M3471', 'FUSE 500A 690V 1*BKN/50 AR UC', 6, 'Bussmann'),
(99, '170M3472', 'FUSE 550A 690V 1*BKN/50 AR UC', 6, 'Bussmann'),
(100, '170M3536', 'FUSE 160A 1000V 1*FKE/115 AR', 2, 'Bussmann'),
(101, '170M3568', 'FUSE 350A 690V 1*GKN/50 AR UC', 6, 'Bussmann'),
(102, '170M3615', 'FUSE 200A 690V 1 FU 78 AR UC', 6, 'Bussmann'),
(103, '170M3617', 'FUSE 315A 690V 1*FU/78 AR UC', 6, 'Bussmann'),
(104, '170M3621', 'FUSE 500A 690V 1*FU/78 AR UC', 6, 'Bussmann'),
(105, '170M3662', 'FUSE 100A 690V 1*FKE/78 AR UC', 6, 'Bussmann'),
(106, '170M3665', 'FUSE 200A 690V 1*FKE/78 AR UC', 6, 'Bussmann'),
(107, '170M3718', 'FUSE 350A 690V 1*FU/115 AR UC', 2, 'Bussmann'),
(108, '170M3760', 'FUSE 63A 690V 1*FKE/115 AR UC', 2, 'Bussmann'),
(109, '170M3961', 'FUSE 400A 1000V 1*BKN/75 AR', 4, 'Bussmann'),
(110, '170M3967', 'FUSE 80A 1000V 1*KN/110 AR', 6, 'Bussmann'),
(111, '170M3970', 'FUSE 160A 1000V 1*KN/110 AR', 6, 'Bussmann'),
(112, '170M3983', 'FUSE 80A 1000V 1*TN/110 AR', 6, 'Bussmann'),
(113, '170M3984', 'FUSE 100A 1000V 1*TN/110 AR', 6, 'Bussmann'),
(114, '170M3985', 'FUSE 125A 1000V 1*TN/110 AR', 6, 'Bussmann'),
(115, '170M3986', 'FUSE 160A 1000V 1*TN/110 AR', 3, 'Bussmann'),
(116, '170M3987', 'FUSE 200A 1000V 1*TN/110 AR', 6, 'Bussmann'),
(117, '170M3988', 'FUSE 250A 1000V 1*TN/110 AR', 6, 'Bussmann'),
(118, '170M3989', 'FUSE 315A 1000V 1*TN/110 AR', 6, 'Bussmann'),
(119, '170M3990', 'FUSE 350A 1000V 1*TN/110 AR', 6, 'Bussmann'),
(120, '170M3991', 'FUSE 400A 1000V 1*TN/110 AR', 6, 'Bussmann'),
(121, '170M4008', 'FUSE 200A 690V 1/80 AR UC', 3, 'Bussmann'),
(122, '170M4014', 'FUSE 500A 690V 1/80 AR UC', 3, 'Bussmann'),
(123, '170M4015', 'FUSE 550A 690V 1/80 AR UC', 3, 'Bussmann'),
(124, '170M4018', 'FUSE 800A 690V 1/80 AR UC', 3, 'Bussmann'),
(125, '170M4019', 'FUSE 900A 550V 1/80 AR', 3, 'Bussmann'),
(126, '170M4060', 'FUSE 315A 690V 1TN/80 AR UC', 3, 'Bussmann'),
(127, '170M4062', 'FUSE 400A 690V 1TN/80 AR UC', 3, 'Bussmann'),
(128, '170M4063', 'FUSE 450A 690V 1TN/80 AR UC', 3, 'Bussmann'),
(129, '170M4064', 'FUSE 500A 690V 1TN/80 AR UC', 3, 'Bussmann'),
(130, '170M4066', 'FUSE 630A 690V 1TN/80 AR UC', 3, 'Bussmann'),
(131, '170M4067', 'FUSE 700A 690V 1TN/80 AR UC', 3, 'Bussmann'),
(132, '170M4068', 'FUSE 800A 690V 1TN/80 AR UC', 3, 'Bussmann'),
(133, '170M4069', 'FUSE 900A 550V 1TN/80 AR', 3, 'Bussmann'),
(134, '170M4108', 'FUSE 200A 690V 1KN/80 AR UC', 3, 'Bussmann'),
(135, '170M4109', 'FUSE 250A 690V 1KN/80 AR UC', 3, 'Bussmann'),
(136, '170M4110', 'FUSE 315A 690V 1KN/80 AR UC', 3, 'Bussmann'),
(137, '170M4111', 'FUSE 350A 690V 1KN/80 AR UC', 3, 'Bussmann'),
(138, '170M4112', 'FUSE 400A 690V 1KN/80 AR UC', 3, 'Bussmann'),
(139, '170M4113', 'FUSE 450A 690V 1KN/80 AR UC', 3, 'Bussmann'),
(140, '170M4114', 'FUSE 500A 690V 1KN/80 AR UC', 3, 'Bussmann'),
(141, '170M4115', 'FUSE 550A 690V 1KN/80 AR UC', 3, 'Bussmann'),
(142, '170M4116', 'FUSE 630A 690V 1KN/80 AR UC', 3, 'Bussmann'),
(143, '170M4119', 'FUSE 900A 550V 1KN/80 AR', 3, 'Bussmann'),
(144, '170M4158', 'FUSE 200A 690V 1/110 AR UC', 3, 'Bussmann'),
(145, '170M4160', 'FUSE 315A 690V 1/110 AR UC', 3, 'Bussmann'),
(146, '170M4161', 'FUSE 350A 690V 1/110 AR UC', 3, 'Bussmann'),
(147, '170M4166', 'FUSE 630A 690V 1/110 AR UC', 3, 'Bussmann'),
(148, '170M4167', 'FUSE 700A 690V 1/110 AR UC', 3, 'Bussmann'),
(149, '170M4178', 'FUSE 80A 690V DIN 1 GR', 3, 'Bussmann'),
(150, '170M4180', 'FUSE 125A 690V DIN 1 GR', 3, 'Bussmann'),
(151, '170M4181', 'FUSE 160A 690V DIN 1 GR', 3, 'Bussmann'),
(152, '170M4182', 'FUSE 200A 690V DIN 1 GR', 3, 'Bussmann'),
(153, '170M4183', 'FUSE 250A 690V DIN 1 GR', 3, 'Bussmann'),
(154, '170M4184', 'FUSE 315A 690V DIN 1 GR', 3, 'Bussmann'),
(155, '170M4186', 'FUSE 400A 690V DIN 1 GR', 3, 'Bussmann'),
(156, '170M4189', 'FUSE 200A 1250V 1TN/110 AR CU', 3, 'Bussmann'),
(157, '170M4209', 'FUSE 250A 690V 1TN/110 AR UC', 3, 'Bussmann'),
(158, '170M4210', 'FUSE 315A 690V 1TN/110 AR UC', 3, 'Bussmann'),
(159, '170M4215', 'FUSE 550A 690V 1TN/110 AR UC', 3, 'Bussmann'),
(160, '170M4217', 'FUSE 700A 690V 1TN/110 AR UC', 3, 'Bussmann'),
(161, '170M4259', 'FUSE 250A 690V 1KN/110 AR UC', 3, 'Bussmann'),
(162, '170M4262', 'FUSE 400A 690V 1KN/110 AR UC', 3, 'Bussmann'),
(163, '170M4263', 'FUSE 450A 690V 1KN/110 AR UC', 3, 'Bussmann'),
(164, '170M4265', 'FUSE 550A 690V 1KN/110 AR UC', 3, 'Bussmann'),
(165, '170M4268', 'FUSE 800A 690V 1KN/110 AR UC', 3, 'Bussmann'),
(166, '170M4269', 'FUSE 900A 550V 1KN/110 AR', 3, 'Bussmann'),
(167, '170M4360', 'FUSE 315A 690V 1EK/86 AR UC', 3, 'Bussmann'),
(168, '170M4361', 'FUSE 350A 690V 1EK/86 AR UC', 3, 'Bussmann'),
(169, '170M4364', 'FUSE 500A 690V 1EK/86 AR UC', 3, 'Bussmann'),
(170, '170M4396', 'FUSE 550A 1000V 1BKN/75 AR', 2, 'Bussmann'),
(171, '170M4410', 'FUSE 315A 690V 1BN/50 AR UC', 3, 'Bussmann'),
(172, '170M4412', 'FUSE 400A 690V 1BN/50 AR UC', 3, 'Bussmann'),
(173, '170M4414', 'FUSE 500A 690V 1BN/50 AR UC', 3, 'Bussmann'),
(174, '170M4418', 'FUSE 800A 690V 1BN/50 AR UC', 3, 'Bussmann'),
(175, '170M4458', 'FUSE 200A 690V 1BKN/50 AR UC', 3, 'Bussmann'),
(176, '170M4459', 'FUSE 250A 690V 1BKN/50 AR UC', 3, 'Bussmann'),
(177, '170M4461', 'FUSE 350A 690V 1BKN/50 AR UC', 3, 'Bussmann'),
(178, '170M4540', 'FUSE 630A 1000V 1FKE/115 AR', 1, 'Bussmann'),
(179, '170M4559', 'FUSE 250A 690V 1GKN/50 AR UC', 3, 'Bussmann'),
(180, '170M4565', 'FUSE 550A 690V 1GKN/50 AR UC', 3, 'Bussmann'),
(181, '170M4611', 'FUSE 350A 690V 1FU/90 AR UC', 3, 'Bussmann'),
(182, '170M4614', 'FUSE 500A 690V 1FU/90 AR UC', 3, 'Bussmann'),
(183, '170M4617', 'FUSE 700A 690V 1FU/90 AR UC', 3, 'Bussmann'),
(184, '170M4659', 'FUSE 250A 690V 1FKE/90 AR UC', 3, 'Bussmann'),
(185, '170M4667', 'FUSE 700A 690V 1FKE/90 AR UC', 3, 'Bussmann'),
(186, '170M4668', 'FUSE 800A 690V 1FKE/90 AR UC', 3, 'Bussmann'),
(187, '170M4712', 'FUSE 400A 690V 1FU/115 AR UC', 1, 'Bussmann'),
(188, '170M4759', 'FUSE 250A 690V 1FKE/115 AR UC', 1, 'Bussmann'),
(189, '170M4761', 'FUSE 350A 690V 1FKE/115 AR UC', 1, 'Bussmann'),
(190, '170M4763', 'FUSE 450A 690V 1FKE/115 AR UC', 1, 'Bussmann'),
(191, '170M4766', 'FUSE 630A 690V 1FKE/115 AR UC', 1, 'Bussmann'),
(192, '170M4769', 'FUSE 900A 550V 1FKE/115 AR', 1, 'Bussmann'),
(193, '170M4771', 'FUSE 630A 690V 1STN/110 AR', 3, 'Bussmann'),
(194, '170M4835', 'FUSE 315A 900V 00TN/80 AR', 6, 'Bussmann'),
(195, '170M4908', 'FUSE 700A 1000V 1BN/75 AR UC', 2, 'Bussmann'),
(196, '170M4929', 'FUSE 550A 1000V 1GKN/75 AR', 2, 'Bussmann'),
(197, '170M4957', 'FUSE 450A 1000V 1BKN/75 AR', 2, 'Bussmann'),
(198, '170M4959', 'FUSE 550A 1000V 1BKN/75 AR', 2, 'Bussmann'),
(199, '170M4965', 'FUSE 160A 1000V 1KN/110 AR', 3, 'Bussmann'),
(200, '170M4971', 'FUSE 450A 1000V 1KN/110 AR', 3, 'Bussmann'),
(201, '170M4972', 'FUSE 500A 1000V 1KN/110 AR', 3, 'Bussmann'),
(202, '170M4974', 'FUSE 630A 1000V 1KN/110 AR', 3, 'Bussmann'),
(203, '170M4980', 'FUSE 160A 1000V 1TN/110 AR', 3, 'Bussmann'),
(204, '170M4981', 'FUSE 200A 1000V 1TN/110 AR', 3, 'Bussmann'),
(205, '170M4982', 'FUSE 250A 1000V 1TN/110 AR', 3, 'Bussmann'),
(206, '170M4983', 'FUSE 315A 1000V 1TN/110 AR', 3, 'Bussmann'),
(207, '170M4984', 'FUSE 350A 1000V 1TN/110 AR', 3, 'Bussmann'),
(208, '170M4985', 'FUSE 400A 1000V 1TN/110 AR', 3, 'Bussmann'),
(209, '170M4986', 'FUSE 450A 1000V 1TN/110 AR', 3, 'Bussmann'),
(210, '170M4987', 'FUSE 500A 1000V 1TN/110 AR', 3, 'Bussmann'),
(211, '170M4988', 'FUSE 550A 1000V 1TN/110 AR', 3, 'Bussmann'),
(212, '170M5008', 'FUSE 400A 690V 2/80 AR UC', 3, 'Bussmann'),
(213, '170M5010', 'FUSE 500A 690V 2/80 AR UC', 3, 'Bussmann'),
(214, '170M5014', 'FUSE 800A 690V 2/80 AR UC', 3, 'Bussmann'),
(215, '170M5016', 'FUSE 1000A 690V 2/80 AR UC', 3, 'Bussmann'),
(216, '170M5017', 'FUSE 1100A 600V 2/80 AR UC', 3, 'Bussmann'),
(217, '170M5059', 'FUSE 450A 690V 2TN/80 AR UC', 3, 'Bussmann'),
(218, '170M5062', 'FUSE 630A 690V 2TN/80 AR UC', 3, 'Bussmann'),
(219, '170M5063', 'FUSE 700A 690V 2TN/80 AR UC', 3, 'Bussmann'),
(220, '170M5066', 'FUSE 1000A 690V 2TN/80 AR UC', 3, 'Bussmann'),
(221, '170M5067', 'FUSE 1100A 600V 2TN/80 AR UC', 3, 'Bussmann'),
(222, '170M5068', 'FUSE 1250A 600V 2TN/80 AR UC', 3, 'Bussmann'),
(223, '170M5108', 'FUSE 400A 690V 2KN/80 AR UC', 3, 'Bussmann'),
(224, '170M5112', 'FUSE 630A 690V 2KN/80 AR UC', 3, 'Bussmann'),
(225, '170M5114', 'FUSE 800A 690V 2KN/80 AR UC', 3, 'Bussmann'),
(226, '170M5115', 'FUSE 900A 690V 2KN/80 AR UC', 3, 'Bussmann'),
(227, '170M5116', 'FUSE 1000A 690V 2KN/80 AR UC', 3, 'Bussmann'),
(228, '170M5117', 'FUSE 1100A 600V 2KN/80 AR UC', 3, 'Bussmann'),
(229, '170M5162', 'FUSE 630A 690V 2/110 AR UC', 3, 'Bussmann'),
(230, '170M5164', 'FUSE 800A 690V 2/110 AR UC', 3, 'Bussmann'),
(231, '170M5167', 'FUSE 1100A 600V 2/110 AR UC', 3, 'Bussmann'),
(232, '170M5168', 'FUSE 1250A 600V 2/110 AR UC', 3, 'Bussmann'),
(233, '170M5209', 'FUSE 450A 690V 2TN/110 AR UC', 3, 'Bussmann'),
(234, '170M5210', 'FUSE 500A 690V 2TN/110 AR UC', 3, 'Bussmann'),
(235, '170M5212', 'FUSE 630A 690V 2TN/110 AR UC', 3, 'Bussmann'),
(236, '170M5214', 'FUSE 800A 690V 2TN/110 AR UC', 3, 'Bussmann'),
(237, '170M5215', 'FUSE 900A 690V 2TN/110 AR UC', 3, 'Bussmann'),
(238, '170M5216', 'FUSE 1000A 690V 2TN/110 AR UC', 3, 'Bussmann'),
(239, '170M5257', 'FUSE 800A 690V 2KW/110 AR', 3, 'Bussmann'),
(240, '170M5258', 'FUSE 400A 690V 2KN/110 AR UC', 3, 'Bussmann'),
(241, '170M5260', 'FUSE 500A 690V 2KN/110 AR UC', 3, 'Bussmann'),
(242, '170M5262', 'FUSE 630A 690V 2KN/110 AR UC', 3, 'Bussmann'),
(243, '170M5263', 'FUSE 700A 690V 2KN/110 AR UC', 3, 'Bussmann'),
(244, '170M5265', 'FUSE 900A 690V 2KN/110 AR UC', 3, 'Bussmann'),
(245, '170M5267', 'FUSE 1100A 600V 2KN/110 AR UC', 3, 'Bussmann'),
(246, '170M5268', 'FUSE 1250A 600V 2KN/110 AR UC', 3, 'Bussmann'),
(247, '170M5310', 'FUSE 500A 690V 2E/91 AR UC', 3, 'Bussmann'),
(248, '170M5312', 'FUSE 630A 690V 2E/91 AR UC', 3, 'Bussmann'),
(249, '170M5313', 'FUSE 700A 690V 2E/91 AR UC', 3, 'Bussmann'),
(250, '170M5408', 'FUSE 400A 690V 2BN/50 AR UC', 2, 'Bussmann'),
(251, '170M5410', 'FUSE 500A 690V 2BN/50 AR UC', 2, 'Bussmann'),
(252, '170M5412', 'FUSE 630A 690V 2BN/50 AR UC', 6, 'Bussmann'),
(253, '170M5414', 'FUSE 800A 690V 2BN/50 AR UC', 2, 'Bussmann'),
(254, '170M5418', 'FUSE 1250A 600V 2BN/65 AR UC', 1, 'Bussmann'),
(255, '170M5458', 'FUSE 400A 690V 2BKN/50 AR UC', 6, 'Bussmann'),
(256, '170M5459', 'FUSE 450A 690V 2BKN/50 AR UC', 2, 'Bussmann'),
(257, '170M5465', 'FUSE 900A 690V 2BKN/50 AR UC', 6, 'Bussmann'),
(258, '170M5568', 'FUSE 1250A 600V 2GKN/65 AR UC', 4, 'Bussmann'),
(259, '170M5609', 'FUSE 450A 690V 2FU/90 AR UC', 3, 'Bussmann'),
(260, '170M5610', 'FUSE 500A 690V 2FU/90 AR UC', 3, 'Bussmann'),
(261, '170M5612', 'FUSE 630A 690V 2FU/90 AR UC', 3, 'Bussmann'),
(262, '170M5614', 'FUSE 800A 690V 2FU/90 AR UC', 3, 'Bussmann'),
(263, '170M5615', 'FUSE 900A 690V 2FU/90 AR UC', 3, 'Bussmann'),
(264, '170M5616', 'FUSE 1000A 690V 2FU/90 AR UC', 3, 'Bussmann'),
(265, '170M5618', 'FUSE 1250A 600V 2FU/90 AR UC', 3, 'Bussmann'),
(266, '170M5666', 'FUSE 1000A 690V 2FKE/90 AR UC', 3, 'Bussmann'),
(267, '170M5668', 'FUSE 1250A 600V 2FKE/90 AR UC', 3, 'Bussmann'),
(268, '170M5712', 'FUSE 630A 690V 2FU/115 AR UC', 3, 'Bussmann'),
(269, '170M5714', 'FUSE 800A 690V 2FU/115 AR UC', 3, 'Bussmann'),
(270, '170M5716', 'FUSE 1000A 690V 2FU/115 AR UC', 3, 'Bussmann'),
(271, '170M5718', 'FUSE 1250A 600V 2FU/115 AR UC', 3, 'Bussmann'),
(272, '170M5806', 'FUSE 315A 690V DIN 2* AR', 3, 'Bussmann'),
(273, '170M5876', 'FUSE 900A 690V 2/110 AR', 3, 'Bussmann'),
(274, '170M5881', 'FUSE 200A 690V DIN 2 GR', 3, 'Bussmann'),
(275, '170M5882', 'FUSE 250A 690V DIN 2 GR', 3, 'Bussmann'),
(276, '170M5883', 'FUSE 315A 690V DIN 2 GR', 3, 'Bussmann'),
(277, '170M5884', 'FUSE 350A 690V DIN 2 GR', 3, 'Bussmann'),
(278, '170M5885', 'FUSE 400A 690V DIN 2 GR', 3, 'Bussmann'),
(279, '170M5886', 'FUSE 450A 690V DIN 2 GR', 3, 'Bussmann'),
(280, '170M5887', 'FUSE 500A 690V DIN 2 GR', 3, 'Bussmann'),
(281, '170M5888', 'FUSE 550A 690V DIN 2 GR', 3, 'Bussmann'),
(282, '170M5889', 'FUSE 630A 690V DIN 2 GR', 3, 'Bussmann'),
(283, '170M5930', 'FUSE 700A 1000V 2GKN/75 AR', 4, 'Bussmann'),
(284, '170M6008', 'FUSE 500A 690V 3/80 AR UC', 1, 'Bussmann'),
(285, '170M6009', 'FUSE 550A 690V 3/80 AR UC', 1, 'Bussmann'),
(286, '170M6010', 'FUSE 630A 690V 3/80 AR UC', 1, 'Bussmann'),
(287, '170M6012', 'FUSE 800A 690V 3/80 AR UC', 1, 'Bussmann'),
(288, '170M6014', 'FUSE 1000A 690V 3/80 AR UC', 1, 'Bussmann'),
(289, '170M6017', 'FUSE 1400A 690V 3/80 AR UC', 1, 'Bussmann'),
(290, '170M6019', 'FUSE 1600A 690V 3/80 AR UC', 1, 'Bussmann'),
(291, '170M6020', 'FUSE 1800A 600V 3/80 AR UR', 1, 'Bussmann'),
(292, '170M6021', 'FUSE 2000A 550V 3/80 AR UR', 1, 'Bussmann'),
(293, '170M6058', 'FUSE 500A 690V 3TN/80 AR UC', 1, 'Bussmann'),
(294, '170M6062', 'FUSE 800A 690V 3TN/80 AR UC', 1, 'Bussmann'),
(295, '170M6063', 'FUSE 900A 690V 3TN/80 AR UC', 1, 'Bussmann'),
(296, '170M6064', 'FUSE 1000A 690V 3TN/80 AR UC', 1, 'Bussmann'),
(297, '170M6065', 'FUSE 1100A 690V 3TN/80 AR UC', 1, 'Bussmann'),
(298, '170M6066', 'FUSE 1250A 690V 3TN/80 AR UC', 1, 'Bussmann'),
(299, '170M6068', 'FUSE 1500A 690V 3TN/80 AR UC', 1, 'Bussmann'),
(300, '170M6069', 'FUSE 1600A 690V 3TN/80 AR UC', 1, 'Bussmann'),
(301, '170M6070', 'FUSE 1800A 600V 3TN/80 AR UR', 1, 'Bussmann'),
(302, '170M6071', 'FUSE 2000A 550V 3TN/80 AR UR', 1, 'Bussmann'),
(303, '170M6080', 'FUSE 350A 690V DIN 3 GR', 1, 'Bussmann'),
(304, '170M6081', 'FUSE 400A 690V DIN 3 GR', 1, 'Bussmann'),
(305, '170M6082', 'FUSE 450A 690V DIN 3 GR', 1, 'Bussmann'),
(306, '170M6083', 'FUSE 500A 690V DIN 3 GR', 1, 'Bussmann'),
(307, '170M6084', 'FUSE 550A 690V DIN 3 GR', 1, 'Bussmann'),
(308, '170M6085', 'FUSE 630A 690V DIN 3 GR', 1, 'Bussmann'),
(309, '170M6086', 'FUSE 700A 690V DIN 3 GR', 1, 'Bussmann'),
(310, '170M6087', 'FUSE 800A 690V DIN 3 GR', 1, 'Bussmann'),
(311, '170M6092', 'FUSE 900A 690V DIN 3 GR', 1, 'Bussmann'),
(312, '170M6109', 'FUSE 550A 690V 3KN/80 AR UC', 1, 'Bussmann'),
(313, '170M6110', 'FUSE 630A 690V 3KN/80 AR UC', 1, 'Bussmann'),
(314, '170M6111', 'FUSE 700A 690V 3KN/80 AR UC', 1, 'Bussmann'),
(315, '170M6113', 'FUSE 900A 690V 3KN/80 AR UC', 1, 'Bussmann'),
(316, '170M6114', 'FUSE 1000A 690V 3KN/80 AR UC', 1, 'Bussmann'),
(317, '170M6115', 'FUSE 1100A 690V 3KN/80 AR UC', 1, 'Bussmann'),
(318, '170M6116', 'FUSE 1250A 690V 3KN/80 AR UC', 1, 'Bussmann'),
(319, '170M6119', 'FUSE 1600A 690V 3KN/80 AR UC', 1, 'Bussmann'),
(320, '170M6159', 'FUSE 550A 690V 3/110 AR UC', 1, 'Bussmann'),
(321, '170M6160', 'FUSE 630A 690V 3/110 AR UC', 1, 'Bussmann'),
(322, '170M6163', 'FUSE 900A 690V 3/110 AR UC', 1, 'Bussmann'),
(323, '170M6166', 'FUSE 1250A 690V 3/110 AR UC', 1, 'Bussmann'),
(324, '170M6167', 'FUSE 1400A 690V 3/110 AR UC', 1, 'Bussmann'),
(325, '170M6169', 'FUSE 1600A 690V 3/110 AR UC', 1, 'Bussmann'),
(326, '170M6208', 'FUSE 500A 690V 3TN/110 AR UC', 1, 'Bussmann'),
(327, '170M6210', 'FUSE 630A 690V 3TN/110 AR UC', 1, 'Bussmann'),
(328, '170M6211', 'FUSE 700A 690V 3TN/110 AR UC', 1, 'Bussmann'),
(329, '170M6212', 'FUSE 800A 690V 3TN/110 AR UC', 1, 'Bussmann'),
(330, '170M6213', 'FUSE 900A 690V 3TN/110 AR UC', 1, 'Bussmann'),
(331, '170M6218', 'FUSE 1500A 690V 3TN/110 AR UC', 1, 'Bussmann'),
(332, '170M6219', 'FUSE 1600A 690V 3TN/110 AR UC', 1, 'Bussmann'),
(333, '170M6258', 'FUSE 500A 690V 3KN/110 AR UC', 1, 'Bussmann'),
(334, '170M6261', 'FUSE 700A 690V 3KN/110 AR UC', 1, 'Bussmann'),
(335, '170M6264', 'FUSE 1000A 690V 3KN/110 AR UC', 1, 'Bussmann'),
(336, '170M6266', 'FUSE 1250A 690V 3KN/110 AR UC', 1, 'Bussmann'),
(337, '170M6269', 'FUSE 1600A 690V 3KN/110 AR UC', 1, 'Bussmann'),
(338, '170M6312', 'FUSE 800A 690V 3E/91 AR UC', 1, 'Bussmann'),
(339, '170M6362', 'FUSE 800A 690V 3EK/91 AR UC', 1, 'Bussmann'),
(340, '170M6378', 'FUSE 1000A 690V 2//3BKN/50 AR', 2, 'Bussmann'),
(341, '170M6392', 'FUSE 1500A 200V 3BKN/65 AR', 1, 'Bussmann'),
(342, '170M6393', 'FUSE 2000A 200V 3BKN/65 AR', 1, 'Bussmann'),
(343, '170M6394', 'FUS0 2500A 200V 3BKN/65 AR', 1, 'Bussmann'),
(344, '170M6409', 'FUSE 550A 690V 3BN/50 AR UC', 3, 'Bussmann'),
(345, '170M6410', 'FUSE 630A 690V 3BN/50 AR UC', 3, 'Bussmann'),
(346, '170M6411', 'FUSE 700A 690V 3BN/50 AR UC', 3, 'Bussmann'),
(347, '170M6413', 'FUSE 900A 690V 3BN/50 AR UC', 3, 'Bussmann'),
(348, '170M6414', 'FUSE 1000A 690V 3BN/50 AR UC', 3, 'Bussmann'),
(349, '170M6416', 'FUSE 1250A 690V 3BN/50 AR UC', 3, 'Bussmann'),
(350, '170M6417', 'FUSE 1400A 690V 3BN/50 AR UC', 3, 'Bussmann'),
(351, '170M6458', 'FUSE 500A 690V 3BKN/50 AR UC', 3, 'Bussmann'),
(352, '170M6461', 'FUSE 700A 690V 3BKN/50 AR UC', 3, 'Bussmann'),
(353, '170M6463', 'FUSE 900A 690V 3BKN/50 AR UC', 3, 'Bussmann'),
(354, '170M6466', 'FUSE 1250A 690V 3BKN/50 AR UC', 3, 'Bussmann'),
(355, '170M6468', 'FUSE 1500A 690V 3BKN/50 AR UC', 3, 'Bussmann'),
(356, '170M6514', 'FUSE 1000A 690V 3GN/50 AR UC', 3, 'Bussmann'),
(357, '170M6516', 'FUSE 1250A 690V 3GN/50 AR UC', 3, 'Bussmann'),
(358, '170M6520', 'FUSE 1800A 600V 3GN/65 AR UR', 1, 'Bussmann'),
(359, '170M6524', 'FUSE 1100A 1000V 3BKN/80 AR', 1, 'Bussmann'),
(360, '170M6562', 'FUSE 800A 690V 3GKN/50 AR UC', 3, 'Bussmann'),
(361, '170M6571', 'FUSE 2000A 550V 3GKN/65 AR UR', 1, 'Bussmann'),
(362, '170M6574', 'FUSE 2100A 500V 3FKE/90 US AR', 1, 'Bussmann'),
(363, '170M6608', 'FUSE 500A 690V 3FU/90 AR UC', 1, 'Bussmann'),
(364, '170M6609', 'FUSE 550A 690V 3FU/90 AR UC', 1, 'Bussmann'),
(365, '170M6610', 'FUSE 630A 690V 3FU/90 AR UC', 1, 'Bussmann'),
(366, '170M6612', 'FUSE 800A 690V 3FU/90 AR UC', 1, 'Bussmann'),
(367, '170M6613', 'FUSE 900A 690V 3FU/90 AR UC', 1, 'Bussmann'),
(368, '170M6614', 'FUSE 1000A 690V 3FU/90 AR UC', 1, 'Bussmann'),
(369, '170M6615', 'FUSE 1100A 690V 3FU/90 AR UC', 1, 'Bussmann'),
(370, '170M6616', 'FUSE 1250A 690V 3FU/90 AR UC', 1, 'Bussmann'),
(371, '170M6618', 'FUSE 1500A 690V 3FU/90 AR UC', 1, 'Bussmann'),
(372, '170M6621', 'FUSE 2000A 550V 3FU/90 AR UR', 1, 'Bussmann'),
(373, '170M6661', 'FUSE 700A 690V 3FKE/90 AR UC', 1, 'Bussmann'),
(374, '170M6664', 'FUSE 1000A 690V 3FKE/90 AR UC', 1, 'Bussmann'),
(375, '170M6665', 'FUSE 1100A 690V 3FKE/90 AR UC', 1, 'Bussmann'),
(376, '170M6667', 'FUSE 1400A 690V 3FKE/90 AR UC', 1, 'Bussmann'),
(377, '170M6668', 'FUSE 1500A 690V 3FKE/90 AR UC', 1, 'Bussmann'),
(378, '170M6669', 'FUSE 1600A 690V 3FKE/90 AR UC', 1, 'Bussmann'),
(379, '170M6681', 'FUSE 1500A 800V 3/110 AR', 1, 'Bussmann'),
(380, '170M6691', 'FUSE 450A 1250V 3FU/115 AR CU', 1, 'Bussmann'),
(381, '170M6708', 'FUSE 500A 690V 3FU/115 AR UC', 1, 'Bussmann'),
(382, '170M6711', 'FUSE 700A 690V 3FU/115 AR UC', 1, 'Bussmann'),
(383, '170M6713', 'FUSE 900A 690V 3FU/115 AR UC', 1, 'Bussmann'),
(384, '170M6719', 'FUSE 1600A 690V 3FU/115 AR UC', 1, 'Bussmann'),
(385, '170M6721', 'FUSE 2000A 550V 3FU/115 AR UR', 1, 'Bussmann'),
(386, '170M6750', 'FUSE 1250A 1000V 3FKE/115AR CU', 1, 'Bussmann'),
(387, '170M6758', 'FUSE 500A 690V 3FKE/115 AR UC', 1, 'Bussmann'),
(388, '170M6761', 'FUSE 700A 690V 3FKE/115 AR UC', 1, 'Bussmann'),
(389, '170M6764', 'FUSE 1000A 690V 3FKE/115 AR UC', 1, 'Bussmann'),
(390, '170M6767', 'FUSE 1400A 690V 3FKE/115 AR UC', 1, 'Bussmann'),
(391, '170M6769', 'FUSE 1600A 690V 3FKE/115 AR UC', 1, 'Bussmann'),
(392, '170M6771', 'FUSE 2000A 550V 3FKE/115 AR UR', 1, 'Bussmann'),
(393, '170M6883', 'FUSE 1600A 660V 23BKN/55 AR', 1, 'Bussmann'),
(394, '170M7028', 'FUSE 3000A 690V 4SBKN/60 AR', 1, 'Bussmann'),
(395, '170M7031', 'FUSE 1100A 1000V 4SBKN/90 AR', 1, 'Bussmann'),
(396, '170M7034', 'FUSE 1700A 1000V 4SBKN/90 AR', 1, 'Bussmann'),
(397, '170M7035', 'FUSE 2200A 1000V 4SBKN/90 AR', 1, 'Bussmann'),
(398, '170M7036', 'FUSE 2500A 1000V 4SBKN/90 AR', 1, 'Bussmann'),
(399, '170M7047', 'FUSE 4000A 500V 4SPKN/60 AR', 2, 'Bussmann'),
(400, '170M7057', 'FUSE 3500A 690V 4SBKN/60 AR', 1, 'Bussmann'),
(401, '170M7059', 'FUSE 1250A 690V 4BN/65 AR UC', 2, 'Bussmann'),
(402, '170M7060', 'FUSE 1400A 690V 4BN/65 AR UC', 2, 'Bussmann'),
(403, '170M7061', 'FUSE 1600A 690V 4BN/65 AR UC', 2, 'Bussmann'),
(404, '170M7062', 'FUSE 2000A 690V 4BN/65 AR UC', 2, 'Bussmann'),
(405, '170M7063', 'FUSE 2500A 690V 4BN/65 AR UC', 2, 'Bussmann'),
(406, '170M7081', 'FUSE 1600A 690V 4BKN/65 AR UC', 1, 'Bussmann'),
(407, '170M7082', 'FUSE 2000A 690V 4BKN/65 AR UC', 2, 'Bussmann'),
(408, '170M7083', 'FUSE 2500A 690V 4BKN/65 AR UC', 2, 'Bussmann'),
(409, '170M7084', 'FUSE 3000A 690V 4BKN/65 AR UR', 2, 'Bussmann'),
(410, '170M7085', 'FUSE 3500A 690V 4BKN/65 AR', 2, 'Bussmann'),
(411, '170M7156', 'FUSE 3000A 1000V 4SBKN/90AR', 1, 'Bussmann'),
(412, '170M7163', 'FUSE 4500A 660V 24BKN/60 AR', 1, 'Bussmann'),
(413, '170M7166', 'FUSE 6000A 660V 24BKN/60 AR', 1, 'Bussmann'),
(414, '170M8506', 'FUSE 630A 1000V 3GKN/75 AR UR', 2, 'Bussmann'),
(415, '170M8510', 'FUSE 1000A 1000V 3GKN/75 AR UR', 2, 'Bussmann'),
(416, '170M8512', 'FUSE 1250A 1000V 3GKN/90 AR', 2, 'Bussmann'),
(417, '170M8540', 'FUSE 900A 1000V 3FKE/115 AR UR', 1, 'Bussmann'),
(418, '170M8543', 'FUSE 1250A 1000V 3FKE/115 AR', 1, 'Bussmann'),
(419, '170M8545', 'FUSE 800A 690V 3SHT AR UC', 1, 'Bussmann'),
(420, '170M8547', 'FUSE 1250A 690V 3SHT AR UC', 1, 'Bussmann'),
(421, '170M8550', 'FUSE 1600A 690V 3SHT AR UC', 1, 'Bussmann'),
(422, '170M8552', 'FUSE 1100A 690V 3SHT', 1, 'Bussmann'),
(423, '170M8609', 'FUSE 900A 1000V 3BKN/75 AR UR', 2, 'Bussmann'),
(424, '170M8625', 'FUSE 1100A 1000V 3KN/110 AR UR', 1, 'Bussmann'),
(425, '170M8642', 'FUSE 1400A 900V 3TN/110', 1, 'Bussmann'),
(426, '170M8643', 'FUSE 450A 1000V DIN 3 AR UR', 1, 'Bussmann'),
(427, '170M8645', 'FUSE 630A 1000V DIN 3 AR UR', 1, 'Bussmann'),
(428, '170M8646', 'FUSE 700A 1000V DIN 3 AR UR', 1, 'Bussmann'),
(429, '170M8647', 'FUSE 800A 1000V DIN 3 AR UR', 1, 'Bussmann'),
(430, '170E3944', 'FUSE 100A 2000V 1*SK/246 ADC DC', 1, 'Bussmann'),
(431, '170E3940', 'FUSE 40A 2000V 1*SKN/246 ADC DC', 1, 'Bussmann'),
(432, '170E3941', 'FUSE 50A 2000V 1*SKN/246 ADC', 1, 'Bussmann'),
(433, '170E5266', 'FUSE 50A 3000V 1BKN/170 AR', 1, 'Bussmann'),
(434, '170E7649', 'FUSE 630A 1000V 3KW/110 AR', 1, 'Bussmann'),
(435, '170E8076', 'FUSE 250A 1000V 2KN/110 AR', 3, 'Bussmann'),
(436, '170E8078', 'FUSE 550A 1000V 2KW/110 AR', 3, 'Bussmann'),
(437, '170E8210', 'FUSE 500A 1400V 2S/170 AR', 2, 'Bussmann'),
(438, '170E8211', 'FUSE 450A 1400V 2S/170 AR', 2, 'Bussmann'),
(439, '170E9258', 'FUSE 1000A 800V 3S/110 AR', 1, 'Bussmann'),
(440, '170F8230', 'FUSE 160A 1200V 2SKN/140 AR DC', 1, 'Bussmann'),
(441, '170F8234', 'FUSE 400A 1200V 2SKN/140 AR DC', 1, 'Bussmann'),
(442, '170H0067', 'ADAPTER LONG TO K-SWITCH', 10, 'Bussmann'),
(443, '170L3831', 'FUSE 32A 1000V DIN 0 AR', 5, 'Bussmann'),
(444, '170L3836', 'FUSE 80A 1000V DIN 0 AR', 5, 'Bussmann'),
(445, '170L3837', 'FUSE 100A 1000V DIN 0 AR', 5, 'Bussmann'),
(446, '170L3838', 'FUSE 125A 1000V DIN 0 AR', 5, 'Bussmann'),
(447, '170L3839', '160A 1000V DIN 0 AR', 5, 'Bussmann'),
(448, '170L5512', 'FUSE 630A 660V 1TN/110 AR', 3, 'Bussmann'),
(449, '170L5992', 'FUSE 400A 2000V US 1SW/230 AR', 2, 'Bussmann'),
(450, '170L7001', 'FUSE 630A 2000V 3STN/210 AR', 2, 'Bussmann'),
(451, '170L7429', 'FUSE 630A 1000V 3BKN/80 AR', 1, 'Bussmann'),
(452, '170L7631', 'FUSE 1000A 660V 3TN/110 AR', 1, 'Bussmann'),
(453, '170L8104', 'FUSE 500A 1500V 2S/210 AR', 2, 'Bussmann'),
(454, '170L8105', 'FUSE 450A 1600V 2S/170 AR', 2, 'Bussmann'),
(455, '170L8123', 'FUSE 450A 2000V 2S/210 AR', 2, 'Bussmann'),
(456, '170L8277', 'FUSE 400A 2000V 2SKN/210 AR TYPOWER', 2, 'Bussmann'),
(457, '170L8401', 'FUSE 800A 1000V 2BN/75 AR', 2, 'Bussmann'),
(458, '170L9609', 'FUSE 1000A 1000V 3BKN/75 AR', 2, 'Bussmann'),
(459, '170L9655', 'FUSE 800A 1000V 3KW/110 AR', 1, 'Bussmann'),
(460, '170L9697', 'FUSE 1100A 1000V 3BKN/80 AR', 1, 'Bussmann'),
(461, '170L9877', 'FUSE 500A 1500V 3SKN/210 AR', 2, 'Bussmann'),
(462, '170M0115', 'FUSE 63A 660V 0000U/80 AR UR', 10, 'Bussmann'),
(463, '170M0116', 'FUSE 80A 660V 0000U/80 AR UR', 10, 'Bussmann'),
(464, '170M0117', 'FUSE 100A 660V 0000U/80 AR UR', 10, 'Bussmann'),
(465, '170M0164', 'FUSE 50A 660V 0000/80 AR UR', 10, 'Bussmann'),
(466, '170M0166', 'FUSE 80A 660V 0000/80 AR UR', 10, 'Bussmann'),
(467, '170M0167', 'FUSE 100A 660V 0000/80 AR UR', 10, 'Bussmann'),
(468, '170M0217', 'FUSE 100A 660V 0000FU/65 AR UR', 10, 'Bussmann'),
(469, '170M1319', 'FUSE 160A 690V 000U/80 AR UC', 10, 'Bussmann'),
(470, '170M1322', 'FUSE 315A 690V 000U/80 AR UC', 10, 'Bussmann'),
(471, '170M1362', 'FUSE 32A 690V 000/80 GR UC', 10, 'Bussmann'),
(472, '170M1363', 'FUSE 40A 690V 000/80 GR UC', 10, 'Bussmann'),
(473, '170M1364', 'FUSE 50A 690V 000/80 GR UC', 10, 'Bussmann'),
(474, '170M1365', 'FUSE 63A 690V 000/80 GR UC', 10, 'Bussmann'),
(475, '170M1366', 'FUSE 80A 690V 000/80 AR UC', 10, 'Bussmann'),
(476, '170M1371', 'FUSE 250A 690V 000/80 AR UC', 10, 'Bussmann'),
(477, '170M1372', 'FUSE 315A 690V 000/80 AR UC', 10, 'Bussmann'),
(478, '170M1373', 'FUSE 350A 690V 000/80 AR', 10, 'Bussmann'),
(479, '170M1374', 'FUSE 400A 600V 000/80 AR', 10, 'Bussmann'),
(480, '170M1415', 'FUSE 63A 690V 000TN/80 GR UC', 10, 'Bussmann'),
(481, '170M1416', 'FUSE 80A 690V 000TN/80 AR UC', 10, 'Bussmann'),
(482, '170M1417', 'FUSE 100A 690V 000TN/80 AR UC', 10, 'Bussmann'),
(483, '170M1417-H', 'FUSE 100A 690V 000TN/80 AR', 10, 'Bussmann'),
(484, '170M1418', 'FUSE 125A 690V 000TN/80 AR UC', 10, 'Bussmann'),
(485, '170M1419', 'FUSE 160A 690V 000TN/80 AR UC', 10, 'Bussmann'),
(486, '170M1420', 'FUSE 200A 690V 000TN/80 AR UC', 10, 'Bussmann'),
(487, '170M1421', 'FUSE 250A 690V 000TN/80 AR UC', 10, 'Bussmann'),
(488, '170M1422', 'FUSE 315A 690V 000TN/80 AR UC', 10, 'Bussmann'),
(489, '170M1469', 'FUSE 160A 690V 000FU/70 AR UR', 5, 'Bussmann'),
(490, '170M1470', 'FUSE 200A 690V 000FU/70 AR UR', 5, 'Bussmann'),
(491, '170M1472', 'FUSE 315A 690V 000FU/70 AR UR', 5, 'Bussmann'),
(492, '170M1558D', 'FUSE 10A 690V gR DIN 000 HSDNH', 10, 'Bussmann'),
(493, '170M1559D', 'FUSE 16A 690V gR DIN 000 HSDNH', 10, 'Bussmann'),
(494, '170M1560D', 'FUSE 20A 690V gR DIN 000 HSDNH', 10, 'Bussmann'),
(495, '170M1561D', 'FUSE 25A 690V gR DIN 000 HSDNH', 10, 'Bussmann'),
(496, '170M1562D', 'FUSE 32A 690V gR DIN 000 HSDNH', 10, 'Bussmann'),
(497, '170M1563D', 'FUSE 40A 690V gR DIN 000 HSDNH', 10, 'Bussmann'),
(498, '170M1564D', 'FUSE 50A 690V gR DIN 000 HSDNH', 10, 'Bussmann'),
(499, '170M1565D', 'FUSE 63A 690V gR DIN 000 HSDNH', 10, 'Bussmann'),
(500, '170M1566D', 'FUSE 80A 690V aR DIN 000 HSDNH', 10, 'Bussmann'),
(501, '170M1567D', 'FUSE 100A 690V aR DIN 000 HSDNH', 10, 'Bussmann'),
(502, '170M1568D', 'FUSE 125A 690V aR DIN 000 HSDNH', 10, 'Bussmann'),
(503, '170M1569D', 'FUSE 160A 690V aR DIN 000 HSDNH', 10, 'Bussmann'),
(504, '170M1570D', 'FUSE 200A 690V aR DIN 000 HSDNH', 10, 'Bussmann'),
(505, '170M1571D', 'FUSE 250A 690V aR DIN 000 HSDNH', 10, 'Bussmann'),
(506, '170M1572D', 'FUSE 315A 690V aR DIN 00 HSDNH', 6, 'Bussmann'),
(507, '170M1851', 'FUSE 200A 1000V 000FN/90 AR UR', 3, 'Bussmann'),
(508, '170M2106', 'FUSE 80A 1200VDC 1C/A116 SST AR', 3, 'Bussmann'),
(509, '170M2608', 'FUSE 25A 690V 00/80 GR', 6, 'Bussmann'),
(510, '170M2609', 'FUSE 32A 690V 00/80 GR', 6, 'Bussmann'),
(511, '170M2610', 'FUSE 40A 690V 00/80 GR', 6, 'Bussmann'),
(512, '170M2611', 'FUSE 50A 690V 00/80 GR', 6, 'Bussmann'),
(513, '170M2612', 'FUSE 63A 690V 00/80 GR', 6, 'Bussmann'),
(514, '170M2613', 'FUSE 80A 690V 00/80 GR', 6, 'Bussmann'),
(515, '170M2614', 'FUSE 100A 690V 00/80 AR UR', 6, 'Bussmann'),
(516, '170M2615', 'FUSE 125A 690V 00/80 AR UR', 6, 'Bussmann'),
(517, '170M2616', 'FUSE 160A 690V 00/80 AR UR', 6, 'Bussmann'),
(518, '170M2617', 'FUSE 200A 690V 00/80 AR UR', 6, 'Bussmann'),
(519, '170M2618', 'FUSE 250A 690V 00/80 AR UR', 6, 'Bussmann'),
(520, '170M2619', 'FUSE 315A 690V 00/80 AR UR', 6, 'Bussmann'),
(521, '170M2620', 'FUSE 350A 690V 00/80 AR UR', 6, 'Bussmann'),
(522, '170M2621', 'FUSE 400A 690V 00/80 AR UR', 6, 'Bussmann'),
(523, '170M2658', 'FUSE 25A 690V 00TN/80 GR', 6, 'Bussmann'),
(524, '170M2659', 'FUSE 32A 690V 00TN/80 GR', 6, 'Bussmann'),
(525, '170M2660', 'FUSE 40A 690V 00TN/80 GR', 6, 'Bussmann'),
(526, '170M2661', 'FUSE 50A 690V 00TN/80 GR', 6, 'Bussmann'),
(527, '170M2662', 'FUSE 63A 690V 00TN/80 GR', 6, 'Bussmann'),
(528, '170M2663', 'FUSE 80A 690V 00TN/80 GR', 6, 'Bussmann'),
(529, '170M2664', 'FUSE 100A 690V 00TN/80 AR UR', 6, 'Bussmann'),
(530, '170M2665', 'FUSE 125A 690V 00TN/80 AR UR', 6, 'Bussmann'),
(531, '170M2666', 'FUSE 160A 690V 00TN/80 AR UR', 6, 'Bussmann'),
(532, '170M2667', 'FUSE 200A 690V 00TN/80 AR UR', 6, 'Bussmann'),
(533, '170M2668', 'FUSE 250A 690V 00TN/80 AR UR', 6, 'Bussmann'),
(534, '170M2669', 'FUSE 315A 690V 00TN/80 AR UR', 6, 'Bussmann'),
(535, '170M2670', 'FUSE 350A 690V 00TN/80 AR UR', 6, 'Bussmann'),
(536, '170M2671', 'FUSE 400A 690V 00TN/80 AR UR', 6, 'Bussmann'),
(537, '170M2673', 'FUSE 20A 1000V DIN 00 AR', 6, 'Bussmann'),
(538, '170M2674', 'FUSE 25A 1000V DIN 00 AR', 6, 'Bussmann'),
(539, '170M2675', 'FUSE 32A 1000V DIN 00 AR', 6, 'Bussmann'),
(540, '170M2676', 'FUSE 35A 1000V DIN 00 AR', 6, 'Bussmann'),
(541, '170M2677', 'FUSE 40A 1000V DIN 00 AR', 6, 'Bussmann'),
(542, '170M2678', 'FUSE 50A 1000V DIN 00 AR', 6, 'Bussmann'),
(543, '170M2679', 'FUSE 63A 1000V DIN 00 AR', 6, 'Bussmann'),
(544, '170M2680', 'FUSE 80A 1000V DIN 00 AR', 6, 'Bussmann'),
(545, '170M2681', 'FUSE 100A 1000V DIN 00 AR', 6, 'Bussmann'),
(546, '170M2682', 'FUSE 125A 1000V DIN 00 AR', 6, 'Bussmann'),
(547, '170M2683', 'FUSE 160A 1000V DIN 00 AR', 6, 'Bussmann'),
(548, '170M2684', 'FUSE 200A 900V DIN 00 AR', 6, 'Bussmann'),
(549, '170M2685', 'FUSE 225A 900V DIN 00 AR', 6, 'Bussmann'),
(550, '170M2690', 'FUSE 10A 1000V DIN 00 AR', 6, 'Bussmann'),
(551, '170M2691', 'FUSE 10A 690V DIN 00 GR', 6, 'Bussmann'),
(552, '170M2692', 'FUSE 16A 690V DIN 00 GR', 6, 'Bussmann'),
(553, '170M2693', 'FUSE 20A 690V DIN 00 GR', 6, 'Bussmann'),
(554, '170M2694', 'FUSE 25A 690V DIN 00 GR', 6, 'Bussmann'),
(555, '170M2695', 'FUSE 32A 690V DIN 00 GR', 6, 'Bussmann'),
(556, '170M2696', 'FUSE 40A 690V DIN 00 GR', 6, 'Bussmann'),
(557, '170M2697', 'FUSE 50A 690V DIN 00 GR', 6, 'Bussmann'),
(558, '170M2698', 'FUSE 63A 690V DIN 00 GR', 6, 'Bussmann'),
(559, '170M2699', 'FUSE 80A 690V DIN 00 GR', 6, 'Bussmann'),
(560, '170M2700', 'FUSE 100A 690V DIN 00 GR', 6, 'Bussmann'),
(561, '170M2701', 'FUSE 125A 690V DIN 00 GR', 6, 'Bussmann'),
(562, '170M2702', 'FUSE 160A 690V DIN 00 GR', 6, 'Bussmann'),
(563, '170M2708', 'FUSE 25A 690V 00BN/60 GR', 6, 'Bussmann'),
(564, '170M2709', 'FUSE 32A 690V 00BN/60 GR', 5, 'Bussmann'),
(565, '170M2717', 'FUSE 200A 690V 00BN/60 AR', 5, 'Bussmann'),
(566, '170M2721', 'FUSE 400A 690V 00BN/60 AR', 5, 'Bussmann'),
(567, '170M2763', 'FUSE 80A 690V 00BTN/60 GR', 5, 'Bussmann'),
(568, '170M2765', 'FUSE 125A 690V 00BTN/60 AR', 5, 'Bussmann'),
(569, '170M2766', 'FUSE 160A 690V 00BTN/60 AR', 5, 'Bussmann'),
(570, '170M2767', 'FUSE 200A 690V 00BTN/60 AR', 5, 'Bussmann'),
(571, '170M2768', 'FUSE 250A 690V 00BTN/60 AR', 5, 'Bussmann'),
(572, '170M2769', 'FUSE 315A 690V 00BTN/60 AR', 5, 'Bussmann'),
(573, '170M2771', 'FUSE 400A 690V 00BTN/60 AR', 5, 'Bussmann'),
(574, '170M2819', 'FUSE 315A 690V 00SU/80 AR', 6, 'Bussmann'),
(575, '170M3011', 'FUSE 80A 690V 1*/80 AR UC', 6, 'Bussmann'),
(576, '170M3013', 'FUSE 125A 690V 1*/80 AR UC', 6, 'Bussmann'),
(577, '170M3014', 'FUSE 160A 690V 1*/80 AR UC', 6, 'Bussmann'),
(578, '170M3015', 'FUSE 200A 690V 1*/80 AR UC', 6, 'Bussmann'),
(579, '170M3017', 'FUSE 315A 690V 1*/80 AR UC', 6, 'Bussmann'),
(580, '170M3018', 'FUSE 350A 690V 1*/80 AR UC', 6, 'Bussmann'),
(581, '170M3019', 'FUSE 400A 690V 1*/80 AR UC', 6, 'Bussmann'),
(582, '170M3020', 'FUSE 450A 690V 1*/80 AR UC', 6, 'Bussmann'),
(583, '170M3021', 'FUSE 500A 690V 1*/80 AR UC', 6, 'Bussmann'),
(584, '170M3114', 'FUSE 160A 690V 1*KN/80 AR UC', 6, 'Bussmann'),
(585, '170M3115', 'FUSE 200A 690V 1*KN/80 AR UC', 6, 'Bussmann'),
(586, '170M3116', 'FUSE 250A 690V 1*KN/80 AR UC', 6, 'Bussmann'),
(587, '170M3118', 'FUSE 350A 690V 1*KN/80 AR UC', 6, 'Bussmann'),
(588, '170M3142', 'FUSE 125A 1250V 1*/110 AR CU', 6, 'Bussmann'),
(589, '170M3144', 'FUSE 200A 1250V 1*/110 AR CU', 6, 'Bussmann'),
(590, '170M3145', 'FUSE 250A 1250V 1*/110 AR CU', 6, 'Bussmann'),
(591, '170M3146', 'FUSE 315A 1250V 1*/110 AR CU', 6, 'Bussmann'),
(592, '170M3163', 'FUSE 125A 690V 1*/110 AR UC', 6, 'Bussmann'),
(593, '170M3166', 'FUSE 250A 690V 1*/110 AR UC', 6, 'Bussmann'),
(594, '170M3195', 'FUSE 250A 1250V 1*TN/110 AR CU', 6, 'Bussmann'),
(595, '170M3214', 'FUSE 160A 690V 1*TN/110 AR UC', 6, 'Bussmann'),
(596, '170M3215', 'FUSE 200A 690V 1*TN/110 AR UC', 6, 'Bussmann'),
(597, '170M3216', 'FUSE 250A 690V 1*TN/110 AR UC', 6, 'Bussmann'),
(598, '170M3220', 'FUSE 450A 690V 1*TN/110 AR UC', 6, 'Bussmann'),
(599, '170M3221', 'FUSE 500A 690V 1*TN/110 AR UC', 6, 'Bussmann'),
(600, '170M3222', 'FUSE 550A 690V 1*TN/110 AR UC', 6, 'Bussmann'),
(601, '170M3223', 'FUSE 630A 690V 1*TN/110 AR UC', 6, 'Bussmann'),
(602, '170M3238', 'FUSE 50A 1250V 1*KN/110 AR CU', 6, 'Bussmann'),
(603, '170M3239', 'FUSE 63A 1250V 1*KN/110 AR CU', 6, 'Bussmann'),
(604, '170M3244', 'FUSE 200A 1250V 1*KN/110 AR CU', 6, 'Bussmann'),
(605, '170M3263', 'FUSE 125A 690V 1*KN/110 AR UC', 6, 'Bussmann'),
(606, '170M3271', 'FUSE 500A 690V 1*KN/110 AR UC', 6, 'Bussmann'),
(607, '170M3273', 'FUSE 630A 690V 1*KN/110 AR UC', 6, 'Bussmann'),
(608, '170M3292', 'FUSE 550A 690V 1*KW/110 AR CU', 6, 'Bussmann'),
(609, '170M3361', 'FUSE 80A 690V 1*EK/76 AR UC', 3, 'Bussmann'),
(610, '170M3362', 'FUSE 100A 690V 1*EK/76 AR UC', 3, 'Bussmann'),
(611, '170M3363', 'FUSE 125A 690V 1*EK/76 AR UC', 3, 'Bussmann'),
(612, '170M3364', 'FUSE 160A 690V 1*EK/76 AR UC', 3, 'Bussmann'),
(613, '170M3365', 'FUSE 200A 690V 1*EK/76 AR UC', 3, 'Bussmann'),
(614, '170M3366', 'FUSE 250A 690V 1*EK/76 AR UC', 3, 'Bussmann'),
(615, '170M3367', 'FUSE 315A 690V 1*EK/76 AR UC', 3, 'Bussmann'),
(616, '170M3388', 'FUSE 50A 1250V 1*BKN/75 AR CU', 4, 'Bussmann'),
(617, '170M3391', 'FUSE 100A 1250V 1*BKN/75 AR CU', 2, 'Bussmann'),
(618, '170M3392', 'FUSE 125A 1250V 1*BKN/75 AR CU', 2, 'Bussmann'),
(619, '170M3393', 'FUSE 160A 1250V 1*BKN/75 AR CU', 2, 'Bussmann'),
(620, '170M3394', 'FUSE 200A 1250V 1*BKN/75 AR CU', 4, 'Bussmann'),
(621, '170M3395', 'FUSE 250A 1250V 1*BKN/75 AR CU', 4, 'Bussmann'),
(622, '170M3396', 'FUSE 315A 1250V 1*BKN/75 AR CU', 4, 'Bussmann'),
(623, '170M3397', 'FUSE 350A 1250V 1*BKN/75 AR CU', 4, 'Bussmann'),
(624, '170M3417', 'FUSE 315A 690V 1*BN/50 AR UC', 6, 'Bussmann'),
(625, '170M3418', 'FUSE 350A 690V 1*BN/50 AR UC', 6, 'Bussmann'),
(626, '170M3423', 'FUSE 630A 690V 1*BN/50 AR UC', 6, 'Bussmann'),
(627, '170M3440', 'FUSE 80A 1250V 1*BKN/80 AR CU', 3, 'Bussmann'),
(628, '170M3446', 'FUSE 315A 1250V 1*BKN/80 AR CU', 3, 'Bussmann'),
(629, '170M3448', 'FUSE 400A 1250V 1*BKN/80 AR CU', 1, 'Bussmann'),
(630, '170M3464', 'FUSE 160A 690V 1*BKN/50 AR UC', 6, 'Bussmann'),
(631, '170M3465', 'FUSE 200A 690V 1 BKN 50 AR UC', 6, 'Bussmann'),
(632, '170M3466', 'FUSE 250A 690V 1*BKN/50 AR UC', 6, 'Bussmann'),
(633, '170M3473', 'FUSE 630A 690V 1*BKN/50 AR UC', 6, 'Bussmann'),
(634, '170M3572', 'FUSE 550A 690V 1*GKN/50 AR UC', 6, 'Bussmann'),
(635, '170M3619', 'FUSE 400A 690V 1*FU/78 AR UC', 6, 'Bussmann'),
(636, '170M3623', 'FUSE 630A 690V 1*FU/78 AR UC', 6, 'Bussmann'),
(637, '170M3667', 'FUSE 315A 690V 1*FKE/78 AR UC', 6, 'Bussmann'),
(638, '170M3672', 'FUSE 550A 690V 1*FKE/78 AR UC', 6, 'Bussmann'),
(639, '170M3690', 'FUSE 80A 1250V 1*FU/115 AR CU', 2, 'Bussmann'),
(640, '170M3694', 'FUSE 200A 1250V 1*FU/115 AR CU', 2, 'Bussmann'),
(641, '170M3696', 'FUSE 315A 1250V 1*FU/115 AR CU', 2, 'Bussmann'),
(642, '170M3716', 'FUSE 250A 690V 1*FU/115 AR UC', 2, 'Bussmann'),
(643, '170M3741', 'FUSE 100A 1250V 1*FKE/115AR CU', 2, 'Bussmann'),
(644, '170M3808D', 'FUSE 40A 690V aR DIN 1 HSDNH', 6, 'Bussmann'),
(645, '170M3809D', 'FUSE 50A 690V aR DIN 1 HSDNH', 6, 'Bussmann'),
(646, '170M3810D', 'FUSE 63A 690V aR DIN 1 HSDNH', 6, 'Bussmann'),
(647, '170M3811D', 'FUSE 80A 690V aR DIN 1 HSDNH', 6, 'Bussmann'),
(648, '170M3812D', 'FUSE 100A 690V aR DIN 1 HSDNH', 6, 'Bussmann'),
(649, '170M3813D', 'FUSE 125A 690V aR DIN 1 HSDNH', 6, 'Bussmann'),
(650, '170M3814D', 'FUSE 160A 690V aR DIN 1 HSDNH', 6, 'Bussmann'),
(651, '170M3815D', 'FUSE 200A 690V aR DIN 1 HSDNH', 6, 'Bussmann'),
(652, '170M3816D', 'FUSE 250A 690V aR DIN 1 HSDNH', 6, 'Bussmann'),
(653, '170M3817D', 'FUSE 315A 690V aR DIN 1 HSDNH', 6, 'Bussmann'),
(654, '170M3818D', 'FUSE 350A 690V aR DIN 1 HSDNH', 6, 'Bussmann'),
(655, '170M3819D', 'FUSE 400A 690V aR DIN 1 HSDNH', 6, 'Bussmann'),
(656, '170M3904', 'FUSE 200A 690V 1*STN/110 AR', 6, 'Bussmann'),
(657, '170M3908', 'FUSE 400A 690V 1*STN/110 AR', 6, 'Bussmann'),
(658, '170M4013', 'FUSE 450A 690V 1/80 AR UC', 3, 'Bussmann'),
(659, '170M4016', 'FUSE 630A 690V 1/80 AR UC', 3, 'Bussmann'),
(660, '170M4017', 'FUSE 700A 690V 1/80 AR UC', 3, 'Bussmann'),
(661, '170M4059', 'FUSE 250A 690V 1TN/80 AR UC', 3, 'Bussmann'),
(662, '170M4117', 'FUSE 700A 690V 1KN/80 AR UC', 3, 'Bussmann'),
(663, '170M4118', 'FUSE 800A 690V 1KN/80 AR UC', 3, 'Bussmann'),
(664, '170M4134', 'FUSE 800A 690V 1KW/110 AR', 3, 'Bussmann'),
(665, '170M4141', 'FUSE 315A 1250V 1/110 AR CU', 3, 'Bussmann'),
(666, '170M4145', 'FUSE 500A 1250V 1/110 AR CU', 3, 'Bussmann'),
(667, '170M4162', 'FUSE 400A 690V 1/110 AR UC', 3, 'Bussmann'),
(668, '170M4190', 'FUSE 250A 1250V 1TN/110 AR CU', 3, 'Bussmann'),
(669, '170M4192', 'FUSE 350A 1250V 1TN/110 AR CU', 3, 'Bussmann'),
(670, '170M4193', 'FUSE 400A 1250V 1TN/110 AR CU', 3, 'Bussmann'),
(671, '170M4195', 'FUSE 500A 1250V 1TN/110 AR CU', 3, 'Bussmann'),
(672, '170M4212', 'FUSE 400A 690V 1TN/110 AR UC', 3, 'Bussmann'),
(673, '170M4213', 'FUSE 450A 690V 1TN/110 AR UC', 3, 'Bussmann'),
(674, '170M4214', 'FUSE 500A 690V 1TN/110 AR UC', 3, 'Bussmann'),
(675, '170M4216', 'FUSE 630A 690V 1TN/110 AR UC', 3, 'Bussmann'),
(676, '170M4218', 'FUSE 800A 690V 1TN/110 AR UC', 3, 'Bussmann'),
(677, '170M4240', 'FUSE 250A 1250V 1KN/110 AR CU', 3, 'Bussmann'),
(678, '170M4241', 'FUSE 315A 1250V 1KN/110 AR CU', 3, 'Bussmann'),
(679, '170M4244', 'FUSE 450A 1250V 1KN/110 AR CU', 3, 'Bussmann'),
(680, '170M4245', 'FUSE 500A 1250V 1KN/110 AR CU', 3, 'Bussmann'),
(681, '170M4246', 'FUSE 550A 1250V 1KN/110 AR CU', 3, 'Bussmann'),
(682, '170M4247', 'FUSE 630A 1100V 1KN/110 AR', 3, 'Bussmann'),
(683, '170M4260', 'FUSE 315A 690V 1KN/110 AR UC', 3, 'Bussmann'),
(684, '170M4264', 'FUSE 500A 690V 1KN/110 AR UC', 3, 'Bussmann'),
(685, '170M4267', 'FUSE 700A 690V 1KN/110 AR UC', 3, 'Bussmann'),
(686, '170M4389', 'FUSE 200A 1250V 1BKN/75 AR CU', 2, 'Bussmann'),
(687, '170M4390', 'FUSE 250A 1250V 1BKN/75 AR CU', 2, 'Bussmann'),
(688, '170M4391', 'FUSE 315A 1250V 1BKN/75 AR CU', 2, 'Bussmann'),
(689, '170M4392', 'FUSE 350A 1250V 1BKN/75 AR CU', 2, 'Bussmann'),
(690, '170M4393', 'FUSE 400A 1250V 1BKN/75 AR CU', 2, 'Bussmann'),
(691, '170M4394', 'FUSE 450A 1250V 1BKN/75 AR CU', 2, 'Bussmann'),
(692, '170M4395', 'FUSE 500A 1100V 1BKN/75 AR', 2, 'Bussmann'),
(693, '170M4411', 'FUSE 350A 690V 1BN/50 AR UC', 3, 'Bussmann'),
(694, '170M4413', 'FUSE 450A 690V 1BN/50 AR UC', 3, 'Bussmann'),
(695, '170M4415', 'FUSE 550A 690V 1BN/50 AR UC', 3, 'Bussmann'),
(696, '170M4416', 'FUSE 630A 690V 1BN/50 AR UC', 3, 'Bussmann'),
(697, '170M4442', 'FUSE 350A 1250V 1BKN/80 AR CU', 1, 'Bussmann'),
(698, '170M4462', 'FUSE 400A 690V 1BKN/50 AR UC', 3, 'Bussmann'),
(699, '170M4463', 'FUSE 450A 690V 1BKN/50 AR UC', 3, 'Bussmann'),
(700, '170M4464', 'FUSE 500A 690V 1BKN/50 AR UC', 3, 'Bussmann'),
(701, '170M4465', 'FUSE 550A 690V 1BKN/50 AR UC', 3, 'Bussmann'),
(702, '170M4466', 'FUSE 630A 690V 1BKN/50 AR UC', 3, 'Bussmann'),
(703, '170M4467', 'FUSE 700A 690V 1BKN/50 AR UC', 3, 'Bussmann'),
(704, '170M4468', 'FUSE 800A 690V 1BKN/50 AR UC', 3, 'Bussmann'),
(705, '170M4563', 'FUSE 450A 690V 1GKN/50 AR UC', 3, 'Bussmann'),
(706, '170M4567', 'FUSE 700A 690V 1GKN/50 AR UC', 3, 'Bussmann'),
(707, '170M4694', 'FUSE 450A 1250V 1FU/115 AR CU', 1, 'Bussmann'),
(708, '170M4695', 'FUSE 500A 1100V 1FU/115 AR', 1, 'Bussmann'),
(709, '170M4700', 'FUSE 200A 1250V 1SHT AR CU', 3, 'Bussmann'),
(710, '170M4743', 'FUSE 400A 1250V 1FKE/115 AR CU', 1, 'Bussmann'),
(711, '170M4744', 'FUSE 450A 1250V 1FKE/115 AR CU', 1, 'Bussmann'),
(712, '170M4764', 'FUSE 500A 690V 1FKE/115 AR UC', 1, 'Bussmann'),
(713, '170M4770', 'FUSE 550A 690V 1STN/110 AR', 3, 'Bussmann'),
(714, '170M4802', 'FUSE 20A 1000V 00/80 AR', 6, 'Bussmann'),
(715, '170M4803', 'FUSE 25A 1000V 00/80 AR', 6, 'Bussmann'),
(716, '170M4806', 'FUSE 40A 1000V 00/80 AR', 6, 'Bussmann'),
(717, '170M4807', 'FUSE 50A 1000V 00/80 AR', 6, 'Bussmann'),
(718, '170M4809', 'FUSE 80A 1000V 00/80 AR', 6, 'Bussmann'),
(719, '170M4810', 'FUSE 100A 1000V 00/80 AR', 6, 'Bussmann'),
(720, '170M4811', 'FUSE 125A 1000V 00/80 AR', 6, 'Bussmann'),
(721, '170M4812', 'FUSE 160A 1000V 00/80 AR', 6, 'Bussmann'),
(722, '170M4813', 'FUSE 200A 1000V 00/80 AR', 6, 'Bussmann'),
(723, '170M4814', 'FUSE 250A 1000V 00/80 AR', 6, 'Bussmann'),
(724, '170M4815', 'FUSE 315A 900V 00/80 AR', 6, 'Bussmann'),
(725, '170M4822', 'FUSE 20A 1000V 00TN/80 AR', 6, 'Bussmann'),
(726, '170M4823', 'FUSE 25A 1000V 00TN/80 AR', 6, 'Bussmann'),
(727, '170M4824', 'FUSE 32A 1000V 00TN/80 AR', 6, 'Bussmann'),
(728, '170M4825', 'FUSE 35A 1000V 00TN/80 AR', 6, 'Bussmann'),
(729, '170M4826', 'FUSE 40A 1000V 00TN/80 AR', 6, 'Bussmann'),
(730, '170M4827', 'FUSE 50A 1000V 00TN/80 AR', 6, 'Bussmann'),
(731, '170M4828', 'FUSE 63A 1000V 00TN/80 AR', 6, 'Bussmann'),
(732, '170M4829', 'FUSE 80A 1000V 00TN/80 AR', 6, 'Bussmann'),
(733, '170M4830', 'FUSE 100A 1000V 00TN/80 AR', 6, 'Bussmann'),
(734, '170M4831', 'FUSE 125A 1000V 00TN/80 AR', 6, 'Bussmann'),
(735, '170M4832', 'FUSE 160A 1000V 00TN/80 AR', 6, 'Bussmann'),
(736, '170M4833', 'FUSE 200A 1000V 00TN/80 AR', 6, 'Bussmann'),
(737, '170M4834', 'FUSE 250A 1000V 00TN/80 AR', 6, 'Bussmann'),
(738, '170M4863D', 'FUSE 450A 690V aR DIN 1 HSDNH', 6, 'Bussmann'),
(739, '170M4864D', 'FUSE 500A 690V aR DIN 1 HSDNH', 6, 'Bussmann'),
(740, '170M4865D', 'FUSE 550A 690V aR DIN 1 HSDNH', 6, 'Bussmann'),
(741, '170M4866D', 'FUSE 630A 690V aR DIN 1 HSDNH', 6, 'Bussmann'),
(742, '170M4867D', 'FUSE 700A 690V aR DIN 1 HSDNH', 6, 'Bussmann'),
(743, '170M4958', 'FUSE 500A 1000V 1BKN/75 AR', 2, 'Bussmann'),
(744, '170M5011', 'FUSE 550A 690V 2/80 AR UC', 3, 'Bussmann'),
(745, '170M5012', 'FUSE 630A 690V 2/80 AR UC', 3, 'Bussmann'),
(746, '170M5013', 'FUSE 700A 690V 2/80 AR UC', 3, 'Bussmann'),
(747, '170M5018', 'FUSE 1250A 600V 2/80 AR UC', 3, 'Bussmann'),
(748, '170M5140', 'FUSE 315A 1250V 2/110 AR CU', 3, 'Bussmann'),
(749, '170M5142', 'FUSE 400A 1250V 2/110 AR CU', 3, 'Bussmann'),
(750, '170M5143', 'FUSE 450A 1250V 2/110 AR CU', 3, 'Bussmann'),
(751, '170M5144', 'FUSE 500A 1250V 2/110 AR CU', 3, 'Bussmann'),
(752, '170M5145', 'FUSE 550A 1250V 2/110 AR CU', 3, 'Bussmann'),
(753, '170M5146', 'FUSE 630A 1250V 2/110 AR CU', 3, 'Bussmann'),
(754, '170M5147', 'FUSE 700A 1250V 2/110 AR CU', 3, 'Bussmann'),
(755, '170M5148', 'FUSE 800A 1250V 2/110 AR CU', 3, 'Bussmann'),
(756, '170M5188', 'FUSE 250A 1250V 2TN/110 AR CU', 3, 'Bussmann'),
(757, '170M5190', 'FUSE 315A 1250V 2TN/110 AR CU', 3, 'Bussmann'),
(758, '170M5193', 'FUSE 450A 1250V 2TN/110 AR CU', 3, 'Bussmann'),
(759, '170M5194', 'FUSE 500A 1250V 2TN/110 AR CU', 3, 'Bussmann'),
(760, '170M5195', 'FUSE 550A 1250V 2TN/110 AR CU', 3, 'Bussmann'),
(761, '170M5196', 'FUSE 630A 1250V 2TN/110 AR CU', 3, 'Bussmann'),
(762, '170M5197', 'FUSE 700A 1250V 2TN/110 AR CU', 3, 'Bussmann'),
(763, '170M5198', 'FUSE 800A 1250V 2TN/110 AR CU', 3, 'Bussmann'),
(764, '170M5213', 'FUSE 700A 690V 2TN/110 AR UC', 3, 'Bussmann'),
(765, '170M5220', 'FUSE 700A 1250V 2SKN/210 AR', 1, 'Bussmann'),
(766, '170M5238', 'FUSE 250A 1250V 2KN/110 AR CU', 3, 'Bussmann'),
(767, '170M5239', 'FUSE 280A 1250V 2KN/110 AR', 3, 'Bussmann'),
(768, '170M5240', 'FUSE 315A 1250V 2KN/110 AR CU', 3, 'Bussmann'),
(769, '170M5242', 'FUSE 400A 1250V 2KN/110 AR CU', 3, 'Bussmann'),
(770, '170M5243', 'FUSE 450A 1250V 2KN/110 AR CU', 3, 'Bussmann'),
(771, '170M5244', 'FUSE 500A 1250V 2KN/110 AR CU', 3, 'Bussmann'),
(772, '170M5245', 'FUSE 550A 1250V 2KN/110 AR CU', 3, 'Bussmann'),
(773, '170M5246', 'FUSE 630A 1250V 2KN/110 AR CU', 3, 'Bussmann'),
(774, '170M5247', 'FUSE 700A 1250V 2KN/110 AR CU', 3, 'Bussmann'),
(775, '170M5248', 'FUSE 800A 1250V 2KN/110 AR CU', 3, 'Bussmann'),
(776, '170M5250', 'FUSE 1000A 1100V 2KN/110 AR', 3, 'Bussmann'),
(777, '170M5264', 'FUSE 800A 690V 2KN/110 AR UC', 3, 'Bussmann'),
(778, '170M5269', 'FUSE 500A 1250V 2SKN/170 AR', 2, 'Bussmann'),
(779, '170M5395', 'FUSE 550A 1250V 2BKN/75 AR CU', 4, 'Bussmann'),
(780, '170M5396', 'FUSE 630A 1100V 2BKN/75 AR', 4, 'Bussmann'),
(781, '170M5397', 'FUSE 700A 1000V 2BKN/75 AR', 4, 'Bussmann'),
(782, '170M5398', 'FUSE 800A 1000V 2BKN/75 AR', 4, 'Bussmann'),
(783, '170M5405', 'FUSE 450A 1250V 2SHT AR', 3, 'Bussmann'),
(784, '170M5411', 'FUSE 550A 690V 2BN/50 AR UC', 6, 'Bussmann'),
(785, '170M5413', 'FUSE 700A 690V 2BN/50 AR UC', 6, 'Bussmann'),
(786, '170M5415', 'FUSE 900A 690V 2BN/50 AR UC', 6, 'Bussmann'),
(787, '170M5416', 'FUSE 1000A 690V 2BN/50 AR UC', 6, 'Bussmann'),
(788, '170M5440', 'FUSE 315A 1250V 2BKN/80 AR CU', 2, 'Bussmann'),
(789, '170M5444', 'FUSE 500A 1250V 2BKN/80 AR', 2, 'Bussmann'),
(790, '170M5446', 'FUSE 630A 1250V 2BKN/80 AR CU', 2, 'Bussmann');
INSERT INTO `core_item` (`id`, `item_code`, `item_description`, `MOQ`, `brand`) VALUES
(791, '170M5448', 'FUSE 800A 1000V 2BKN/80 AR', 2, 'Bussmann'),
(792, '170M5452', 'FUSE 1400A 550V US 2GKN/50 AR', 6, 'Bussmann'),
(793, '170M5466', 'FUSE 1000A 690V 2BKN/50 AR UC', 6, 'Bussmann'),
(794, '170M5468', 'FUSE 1250A 600V 2BKN/65 AR UC', 4, 'Bussmann'),
(795, '170M5497', 'FUSE 700A 1250V 2BKN/90 AR CU', 2, 'Bussmann'),
(796, '170M5499', 'FUSE 900A 1100V 2BKN/90 AR CU', 2, 'Bussmann'),
(797, '170M5500', 'FUSE 1000A 1100V 2BKN/90 AR', 2, 'Bussmann'),
(798, '170M5558', 'FUSE 400A 690V 2GKN/50 AR UC', 6, 'Bussmann'),
(799, '170M5559', 'FUSE 450A 690V 2GKN/50 AR UC', 6, 'Bussmann'),
(800, '170M5560', 'FUSE 500A 690V 2GKN/50 AR UC', 6, 'Bussmann'),
(801, '170M5564', 'FUSE 800A 690V 2GKN/50 AR UC', 6, 'Bussmann'),
(802, '170M5566', 'FUSE 1000A 690V 2GKN/50 AR UC', 6, 'Bussmann'),
(803, '170M5594', 'FUSE 500A 1250V 2GKN/75 AR CU', 4, 'Bussmann'),
(804, '170M5611', 'FUSE 550A 690V 2FU/90 AR UC', 3, 'Bussmann'),
(805, '170M5613', 'FUSE 700A 690V 2FU/90 AR UC', 3, 'Bussmann'),
(806, '170M5694', 'FUSE 500A 1250V 2FU/115 AR CU', 3, 'Bussmann'),
(807, '170M5743', 'FUSE 450A 1250V 2FKE/115 AR CU', 3, 'Bussmann'),
(808, '170M5744', 'FUSE 500A 1250V 2FKE/115 AR CU', 3, 'Bussmann'),
(809, '170M5747', 'FUSE 700A 1100V 2FKE/115 AR', 3, 'Bussmann'),
(810, '170M5763', 'FUSE 700A 690V 2FKE/115 AR UC', 3, 'Bussmann'),
(811, '170M5766', 'FUSE 1000A 690V 2FKE/115 AR UC', 3, 'Bussmann'),
(812, '170M5767', 'FUSE 1100A 600V 2FKE/115 AR UC', 2, 'Bussmann'),
(813, '170M5805', 'FUSE 250A 690V DIN 2* AR', 3, 'Bussmann'),
(814, '170M5807', 'FUSE 350A 690V DIN 2* AR', 3, 'Bussmann'),
(815, '170M5808D', 'FUSE 400A 690V aR DIN 2 HSDNH', 3, 'Bussmann'),
(816, '170M5809D', 'FUSE 450A 690V aR DIN 2 HSDNH', 3, 'Bussmann'),
(817, '170M5810D', 'FUSE 500A 690V aR DIN 2 HSDNH', 3, 'Bussmann'),
(818, '170M5811D', 'FUSE 550A 690V aR DIN 2 HSDNH', 3, 'Bussmann'),
(819, '170M5812D', 'FUSE 630A 690V aR DIN 2 HSDNH', 3, 'Bussmann'),
(820, '170M5813D', 'FUSE 700A 690V aR DIN 2 HSDNH', 3, 'Bussmann'),
(821, '170M5814D', 'FUSE 800A 690V aR DIN 2 HSDNH', 3, 'Bussmann'),
(822, '170M5816D', 'FUSE 1000A 690V aR DIN 2 HSDNH', 3, 'Bussmann'),
(823, '170M5817D', 'FUSE 1100A 690V aR DIN 2 HSDNH', 3, 'Bussmann'),
(824, '170M5820D', 'FUSE 900A 690V aR DIN 2 HSDNH', 3, 'Bussmann'),
(825, '170M5952', 'FUSE 250A 1000V 2BKN/75 AR UR', 4, 'Bussmann'),
(826, '170M5953', 'FUSE 315A 1000V 2BKN/75 AR UR', 4, 'Bussmann'),
(827, '170M5956', 'FUSE 450A 1000V 2BKN/75 AR UR', 4, 'Bussmann'),
(828, '170M5957', 'FUSE 500A 1000V 2BKN/75 AR UR', 4, 'Bussmann'),
(829, '170M5959', 'FUSE 630A 1000V 2BKN/75 AR UR', 4, 'Bussmann'),
(830, '170M5960', 'FUSE 700A 1000V 2BKN/75 AR UR', 4, 'Bussmann'),
(831, '170M5961', 'FUSE 800A 1000V 2BKN/75 AR UR', 4, 'Bussmann'),
(832, '170M5966', 'FUSE 250A 1000V 2KN/110 AR UR', 3, 'Bussmann'),
(833, '170M5969', 'FUSE 400A 1000V 2KN/110 AR UR', 3, 'Bussmann'),
(834, '170M5970', 'FUSE 450A 1000V 2KN/110 AR UR', 3, 'Bussmann'),
(835, '170M5971', 'FUSE 500A 1000V 2KN/110 AR UR', 3, 'Bussmann'),
(836, '170M5972', 'FUSE 550A 1000V 2KN/110 AR UR', 3, 'Bussmann'),
(837, '170M5973', 'FUSE 630A 1000V 2KN/110 AR UR', 3, 'Bussmann'),
(838, '170M5974', 'FUSE 700A 1000V 2KN/110 AR UR', 3, 'Bussmann'),
(839, '170M5975', 'FUSE 800A 1000V 2KN/110 AR UR', 3, 'Bussmann'),
(840, '170M5981', 'FUSE 250A 1000V 2TN/110 AR UR', 3, 'Bussmann'),
(841, '170M5982', 'FUSE 315A 1000V 2TN/110 AR UR', 3, 'Bussmann'),
(842, '170M5983', 'FUSE 350A 1000V 2TN/110 AR UR', 3, 'Bussmann'),
(843, '170M5984', 'FUSE 400A 1000V 2TN/110 AR UR', 3, 'Bussmann'),
(844, '170M5985', 'FUSE 450A 1000V 2TN/110 AR UR', 3, 'Bussmann'),
(845, '170M5986', 'FUSE 500A 1000V 2TN/110 AR UR', 3, 'Bussmann'),
(846, '170M5987', 'FUSE 550A 1000V 2TN/110 AR UR', 3, 'Bussmann'),
(847, '170M5988', 'FUSE 630A 1000V 2TN/110 AR UR', 3, 'Bussmann'),
(848, '170M5989', 'FUSE 700A 1000V 2TN/110 AR UR', 3, 'Bussmann'),
(849, '170M5990', 'FUSE 800A 1000V 2TN/110 AR UR', 3, 'Bussmann'),
(850, '170M6013', 'FUSE 900A 690V 3/80 AR UC', 1, 'Bussmann'),
(851, '170M6018', 'FUSE 1500A 690V 3/80 AR UC', 1, 'Bussmann'),
(852, '170M6035', 'FUSE 700A 690V 3STN/110 AR', 1, 'Bussmann'),
(853, '170M6094', 'FUSE 130Amp 7200V 00/480 AR', 1, 'Bussmann'),
(854, '170M6112', 'FUSE 800A 690V 3KN/80 AR UC', 1, 'Bussmann'),
(855, '170M6120', 'FUSE 1800A 600V 3KN/80 AR UR', 1, 'Bussmann'),
(856, '170M6121', 'FUSE 2000A 550V 3KN/80 AR UR', 1, 'Bussmann'),
(857, '170M6140', 'FUSE 400A 1250V 3/110 AR CU', 1, 'Bussmann'),
(858, '170M6143', 'FUSE 550A 1250V 3/110 AR CU', 1, 'Bussmann'),
(859, '170M6144', 'FUSE 630A 1250V 3/110 AR CU', 1, 'Bussmann'),
(860, '170M6145', 'FUSE 700A 1250V 3/110 AR CU', 1, 'Bussmann'),
(861, '170M6146', 'FUSE 800A 1250V 3/110 AR', 1, 'Bussmann'),
(862, '170M6147', 'FUSE 900A 1250V 3/110 AR', 1, 'Bussmann'),
(863, '170M6148', 'FUSE 1000A 1250V 3/110 AR', 1, 'Bussmann'),
(864, '170M6149', 'FUSE 1100A 1250V 3/110 AR', 1, 'Bussmann'),
(865, '170M6150', 'FUSE 1250A 1100V 3/110 AR', 1, 'Bussmann'),
(866, '170M6151', 'FUSE 1400A 1100V 3/110 AR', 1, 'Bussmann'),
(867, '170M6164', 'FUSE 1000A 690V 3/110 AR UC', 1, 'Bussmann'),
(868, '170M6185', 'FUSE 630A 1250V IEC aR 3SKN/170', 1, 'Bussmann'),
(869, '170M6188', 'FUSE 315A 1250V 3TN/110 AR CU', 1, 'Bussmann'),
(870, '170M6189', 'FUSE 350A 1250V 3TN/110 AR CU', 1, 'Bussmann'),
(871, '170M6191', 'FUSE 450A 1250V 3TN/110 AR CU', 1, 'Bussmann'),
(872, '170M6192', 'FUSE 500A 1250V 3TN/110 AR CU', 1, 'Bussmann'),
(873, '170M6193', 'FUSE 550A 1250V 3TN/110 AR CU', 1, 'Bussmann'),
(874, '170M6194', 'FUSE 630A 1250V 3TN/110 AR CU', 1, 'Bussmann'),
(875, '170M6195', 'FUSE 700A 1250V 3TN/110 AR CU', 1, 'Bussmann'),
(876, '170M6196', 'FUSE 800A 1250V 3TN/110 AR', 1, 'Bussmann'),
(877, '170M6198', 'FUSE 1000A 1250V 3TN/110 AR', 1, 'Bussmann'),
(878, '170M6199', 'FUSE 1100A 1250V 3TN/110 AR', 1, 'Bussmann'),
(879, '170M6200', 'FUSE 1250A 1100V 3TN/110 AR', 1, 'Bussmann'),
(880, '170M6201', 'FUSE 1400A 1100V 3TN/110 AR', 1, 'Bussmann'),
(881, '170M6202', 'FUSE 500A 1250V 3SHT AR CU', 1, 'Bussmann'),
(882, '170M6203', 'FUSE 800A 1250V 3SHT AR CU', 1, 'Bussmann'),
(883, '170M6205', 'FUSE 630A 1250V 3SHT AR CU', 1, 'Bussmann'),
(884, '170M6214', 'FUSE 1000A 690V 3TN/110 AR UC', 1, 'Bussmann'),
(885, '170M6216', 'FUSE 1250A 690V 3TN/110 AR UC', 1, 'Bussmann'),
(886, '170M6238', 'FUSE 315A 1250V 3KN/110 AR CU', 1, 'Bussmann'),
(887, '170M6240', 'FUSE 400A 1250V 3KN/110 AR CU', 1, 'Bussmann'),
(888, '170M6241', 'FUSE 450A 1250V 3KN/110 AR CU', 1, 'Bussmann'),
(889, '170M6242', 'FUSE 500A 1250V 3KN/110 AR CU', 1, 'Bussmann'),
(890, '170M6243', 'FUSE 550A 1250V 3KN/110 AR CU', 1, 'Bussmann'),
(891, '170M6244', 'FUSE 630A 1250V 3KN/110 AR CU', 1, 'Bussmann'),
(892, '170M6245', 'FUSE 700A 1250V 3KN/110 AR CU', 1, 'Bussmann'),
(893, '170M6246', 'FUSE 800A 1250V 3KN/110 AR', 1, 'Bussmann'),
(894, '170M6247', 'FUSE 900A 1250V 3KN/110 AR', 1, 'Bussmann'),
(895, '170M6248', 'FUSE 1000A 1250V 3KN/110 AR', 1, 'Bussmann'),
(896, '170M6249', 'FUSE 1100A 1250V 3KN/110 AR', 1, 'Bussmann'),
(897, '170M6250', 'FUSE 1250A 1100V 3KN/110 AR', 1, 'Bussmann'),
(898, '170M6251', 'FUSE 1400A 1100V 3KN/110 AR', 1, 'Bussmann'),
(899, '170M6252', 'FUSE 900A 1250V 3KW/110 AR', 1, 'Bussmann'),
(900, '170M6253', 'FUSE 1000A 1250V 3KW/110 AR', 1, 'Bussmann'),
(901, '170M6254', 'FUSE 1100A 1250V 3KW/110 AR', 1, 'Bussmann'),
(902, '170M6263', 'FUSE 900A 690V 3KN/110 AR UC', 1, 'Bussmann'),
(903, '170M6267', 'FUSE 1400A 690V 3KN/110 AR UC', 1, 'Bussmann'),
(904, '170M6270', 'FUSE 1800A 600V 3KN/110 AR UR', 1, 'Bussmann'),
(905, '170M6271', 'FUSE 2000A 550V 3KN/110 AR UR', 1, 'Bussmann'),
(906, '170M6276', 'FUSE 1000A 690V 3KW/110 AR', 1, 'Bussmann'),
(907, '170M6277', 'FUSE 1000A 1100V 3SHT AR CU', 1, 'Bussmann'),
(908, '170M6301', 'FUSE 315A 1250V 3SHT AR CU', 1, 'Bussmann'),
(909, '170M6303', 'FUSE 400A 1250V 3SHT AR CU', 1, 'Bussmann'),
(910, '170M6305', 'FUSE 700A 1250V 3SHT AR CU', 1, 'Bussmann'),
(911, '170M6338', 'FUSE 315A 1250V 3BKN/75 AR CU', 2, 'Bussmann'),
(912, '170M6339', 'FUSE 350A 1250V 3BKN/75 AR CU', 2, 'Bussmann'),
(913, '170M6340', 'FUSE 400A 1250V 3BKN/75 AR CU', 2, 'Bussmann'),
(914, '170M6342', 'FUSE 500A 1250V 3BKN/75 AR CU', 2, 'Bussmann'),
(915, '170M6343', 'FUSE 550A 1250V 3BKN/75 AR CU', 2, 'Bussmann'),
(916, '170M6344', 'FUSE 630A 1250V 3BKN/75 AR CU', 2, 'Bussmann'),
(917, '170M6345', 'FUSE 700A 1250V 3BKN/75 AR CU', 2, 'Bussmann'),
(918, '170M6346', 'FUSE 800A 1100V 3BKN/75 AR', 2, 'Bussmann'),
(919, '170M6347', 'FUSE 900A 1000V 3BKN/75 AR', 2, 'Bussmann'),
(920, '170M6348', 'FUSE 1000A 1000V 3BKN/75 AR', 2, 'Bussmann'),
(921, '170M6349', 'FUSE 1100A 1000V 3BKN/75 AR', 2, 'Bussmann'),
(922, '170M6412', 'FUSE 800A 690V 3BN/50 AR UC', 3, 'Bussmann'),
(923, '170M6415', 'FUSE 1100A 690V 3BN/50 AR UC', 3, 'Bussmann'),
(924, '170M6419', 'FUSE 1600A 690V 3BN/65 AR UC', 1, 'Bussmann'),
(925, '170M6421', 'FUSE 2000A 550V 3BN/65 AR UR', 1, 'Bussmann'),
(926, '170M6452', 'FUSE 630A 690V 3SHT AR UC', 1, 'Bussmann'),
(927, '170M6462', 'FUSE 800A 690V 3BKN/50 AR UC', 3, 'Bussmann'),
(928, '170M6464', 'FUSE 1000A 690V 3BKN/50 AR UC', 3, 'Bussmann'),
(929, '170M6469', 'FUSE 1600A 690V 3BKN/65 AR UC', 1, 'Bussmann'),
(930, '170M6470', 'FUSE 1800A 600V 3BKN/65 AR UR', 1, 'Bussmann'),
(931, '170M6471', 'FUSE 2000A 550V 3BKN/65 AR UR', 1, 'Bussmann'),
(932, '170M6495', 'FUSE 700A 1250V 3BKN/90 AR CU', 1, 'Bussmann'),
(933, '170M6496', 'FUSE 800A 1250V 3BKN/90 AR', 1, 'Bussmann'),
(934, '170M6497', 'FUSE 900A 1250V 3BKN/90 AR', 1, 'Bussmann'),
(935, '170M6498', 'FUSE 1000A 1250V 3BKN/90 AR', 1, 'Bussmann'),
(936, '170M6499', 'FUSE 1100A 1250V 3BKN/90 AR', 1, 'Bussmann'),
(937, '170M6500', 'FUSE 1250A 1100V 3BKN/90 AR', 1, 'Bussmann'),
(938, '170M6501', 'FUSE 1400A 1100V 3BKN/90 AR', 1, 'Bussmann'),
(939, '170M6541', 'FUSE 450A 1250V 3BKN/80 AR CU', 1, 'Bussmann'),
(940, '170M6542', 'FUSE 500A 1250V 3BKN/80 AR CU', 1, 'Bussmann'),
(941, '170M6545', 'FUSE 700A 1250V 3BKN/80 AR CU', 1, 'Bussmann'),
(942, '170M6546', 'FUSE 800A 1250V 3BKN/80 AR CU', 1, 'Bussmann'),
(943, '170M6547', 'FUSE 900A 1100V 3BKN/80 AR', 1, 'Bussmann'),
(944, '170M6548', 'FUSE 1000A 1100V 3BKN/80 AR', 1, 'Bussmann'),
(945, '170M6549', 'FUSE 1100A 1000V 3BKN/80 AR', 1, 'Bussmann'),
(946, '170M6551', 'FUSE 1000A 1250V 2//3BKN/75 AR', 1, 'Bussmann'),
(947, '170M6564', 'FUSE 1000A 690V 3GKN/50 AR UC', 3, 'Bussmann'),
(948, '170M6566', 'FUSE 1250A 690V 3GKN/50 AR UC', 3, 'Bussmann'),
(949, '170M6594', 'FUSE 630A 1250V 3GKN/75 AR CU', 2, 'Bussmann'),
(950, '170M6596', 'FUSE 800A 1100V 3GKN/75 AR', 2, 'Bussmann'),
(951, '170M6598', 'FUSE 1000A 1000V 3GKN/75 AR', 2, 'Bussmann'),
(952, '170M6611', 'FUSE 700A 690V 3FU/90 AR UC', 1, 'Bussmann'),
(953, '170M6629', 'FUSE 800A 2000V 3STN/210 AR', 2, 'Bussmann'),
(954, '170M6638', 'FUSE 700A 2000V 3BKN/155 AR', 1, 'Bussmann'),
(955, '170M6647', 'FUSE 900A 1250V 3GKN/90 AR', 1, 'Bussmann'),
(956, '170M6650', 'FUSE 1250A 1100V 3GKN/90 AR', 1, 'Bussmann'),
(957, '170M6670', 'FUSE 1800A 600V 3FKE/90 AR UR', 1, 'Bussmann'),
(958, '170M6697', 'FUSE 900A 1250V 3FU/115 AR CU', 1, 'Bussmann'),
(959, '170M6699', 'FUSE 1100A 1100V 3FU/115 AR CU', 1, 'Bussmann'),
(960, '170M6700', 'FUSE 1250A 1000V 3FU/115 AR CU', 1, 'Bussmann'),
(961, '170M6712', 'FUSE 800A 690V 3FU/115 AR UC', 1, 'Bussmann'),
(962, '170M6714', 'FUSE 1000A 690V 3FU/115 AR UC', 1, 'Bussmann'),
(963, '170M6716', 'FUSE 1250A 690V 3FU/115 AR UC', 1, 'Bussmann'),
(964, '170M6718', 'FUSE 1500A 690V 3FU/115 AR UC', 1, 'Bussmann'),
(965, '170M6723', 'FUSE 1000A 1400V 3BKN/125 AR UR', 1, 'Bussmann'),
(966, '170M6734', 'FUSE 800A 1500V 3BKN/110 AR', 1, 'Bussmann'),
(967, '170M6745', 'FUSE 700A 1250V 3FKE/115 AR CU', 1, 'Bussmann'),
(968, '170M6747', 'FUSE 900A 1250V 3FKE/115 AR CU', 1, 'Bussmann'),
(969, '170M6748', 'FUSE 1000A 1100V 3FKE/115AR CU', 1, 'Bussmann'),
(970, '170M6751', 'FUSE 1400A 1000V 3FKE/115AR CU', 1, 'Bussmann'),
(971, '170M6768', 'FUSE 1500A 690V 3FKE/115 AR UC', 1, 'Bussmann'),
(972, '170M6792', 'FUSE 1600A 1250V 23BKN/75AR', 1, 'Bussmann'),
(973, '170M6808D', 'FUSE 500A 690V aR DIN 3 HSDNH', 1, 'Bussmann'),
(974, '170M6809D', 'FUSE 550A 690V aR DIN 3 HSDNH', 1, 'Bussmann'),
(975, '170M6810D', 'FUSE 630A 690V aR DIN 3 HSDNH', 1, 'Bussmann'),
(976, '170M6811D', 'FUSE 700A 690V aR DIN 3 HSDNH', 1, 'Bussmann'),
(977, '170M6812D', 'FUSE 800A 690V aR DIN 3 HSDNH', 1, 'Bussmann'),
(978, '170M6813D', 'FUSE 900A 690V aR DIN 3 HSDNH', 1, 'Bussmann'),
(979, '170M6814D', 'FUSE 1000A 690V aR DIN 3 HSDNH', 1, 'Bussmann'),
(980, '170M6892D', 'FUSE 1100A 690V aR DIN 3 HSDNH', 1, 'Bussmann'),
(981, '170M8554D', 'FUSE 1250A 690V aR DIN 3 HSDNH', 1, 'Bussmann'),
(982, '170M8555D', 'FUSE 1400A 690V aR DIN 3 HSDNH', 1, 'Bussmann'),
(983, '170M8556D', 'FUSE 1500A 690V aR DIN 3 HSDNH', 1, 'Bussmann'),
(984, '170M8557D', 'FUSE 1600A 690V aR DIN 3 HSDNH', 1, 'Bussmann'),
(985, '170M8607', 'FUSE 700A 1000V 3BKN/75 AR UR', 2, 'Bussmann'),
(986, '170M8608', 'FUSE 800A 1000V 3BKN/75 AR UR', 2, 'Bussmann'),
(987, '170M8610', 'FUSE 1000A 1000V 3BKN/75 AR UR', 2, 'Bussmann'),
(988, '170M8611', 'FUSE 1100A 1000V 3BKN/75 AR UR', 2, 'Bussmann'),
(989, '170M8612', 'FUSE 1250A 1000V 3BKN/90 AR', 1, 'Bussmann'),
(990, '170M8613', 'FUSE 1400A 900V 3BKN/90 AR', 1, 'Bussmann'),
(991, '170M8614', 'FUSE 315A 1000V 3KN/110 AR UR', 1, 'Bussmann'),
(992, '170M8616', 'FUSE 400A 1000V 3KN/110 AR UR', 1, 'Bussmann'),
(993, '170M8620', 'FUSE 630A 1000V 3KN/110 AR UR', 1, 'Bussmann'),
(994, '170M8621', 'FUSE 700A 1000V 3KN/110 AR UR', 1, 'Bussmann'),
(995, '170M8622', 'FUSE 800A 1000V 3KN/110 AR UR', 1, 'Bussmann'),
(996, '170M8623', 'FUSE 900A 1000V 3KN/110 AR UR', 1, 'Bussmann'),
(997, '170M8624', 'FUSE 1000A 1000V 3KN/110 AR UR', 1, 'Bussmann'),
(998, '170M8632', 'FUSE 450A 1000V 3TN/110 AR UR', 1, 'Bussmann'),
(999, '170M8633', 'FUSE 500A 1000V 3TN/110 AR UR', 1, 'Bussmann'),
(1000, '170M8634', 'FUSE 550A 1000V 3TN/110 AR UR', 1, 'Bussmann'),
(1001, '170M8635', 'FUSE 630A 1000V 3TN/110 AR UR', 1, 'Bussmann'),
(1002, '170M8636', 'FUSE 700A 1000V 3TN/110 AR UR', 1, 'Bussmann'),
(1003, '170M8637', 'FUSE 800A 1000V 3TN/110 AR UR', 1, 'Bussmann'),
(1004, '170M8639', 'FUSE 1000A 1000V 3TN/110 AR UR', 1, 'Bussmann'),
(1005, '170M8640', 'FUSE 1100A 1000V 3TN/110 AR UR', 1, 'Bussmann'),
(1006, '170M8641', 'FUSE 1250A 1000V 3TN/110 AR', 1, 'Bussmann'),
(1007, '170M8650', 'FUSE 1000A 1000V DIN 3 AR UR', 1, 'Bussmann'),
(1008, 'DFJ-10', 'DRIVE FUSE', 10, 'Bussmann'),
(1009, 'DFJ-15', 'DRIVE FUSE', 10, 'Bussmann'),
(1010, 'DFJ-20', 'DRIVE FUSE', 10, 'Bussmann'),
(1011, 'DFJ-25', 'DRIVE FUSE', 10, 'Bussmann'),
(1012, 'DFJ-40', 'DRIVE FUSE', 10, 'Bussmann'),
(1013, 'DFJ-50', 'DRIVE FUSE', 10, 'Bussmann'),
(1014, 'DFJ-60', 'DRIVE FUSE', 10, 'Bussmann'),
(1015, 'DFJ-70', 'DRIVE FUSE', 1, 'Bussmann'),
(1016, 'DFJ-80', 'DRIVE FUSE', 1, 'Bussmann'),
(1017, 'DFJ-90', 'DRIVE FUSE', 1, 'Bussmann'),
(1018, 'DFJ-100', 'DRIVE FUSE', 1, 'Bussmann'),
(1019, 'DFJ-125', 'DRIVE FUSE', 1, 'Bussmann'),
(1020, 'DFJ-150', 'DRIVE FUSE', 1, 'Bussmann'),
(1021, 'DFJ-175', 'DRIVE FUSE', 1, 'Bussmann'),
(1022, 'DFJ-200', 'DRIVE FUSE', 1, 'Bussmann'),
(1023, 'DFJ-250', 'DRIVE FUSE', 1, 'Bussmann'),
(1024, 'DFJ-300', 'DRIVE FUSE', 1, 'Bussmann'),
(1025, 'DFJ-350', 'DRIVE FUSE', 1, 'Bussmann'),
(1026, 'DFJ-400', 'DRIVE FUSE', 1, 'Bussmann'),
(1027, 'DFJ-450', 'DRIVE FUSE', 1, 'Bussmann'),
(1028, 'DFJ-500', 'DRIVE FUSE', 1, 'Bussmann'),
(1029, 'DFJ-600', 'DRIVE FUSE', 1, 'Bussmann'),
(1030, 'C10G1', 'CYLINDRICAL FUSE 10 x 38 1A GG 500V AC', 10, 'Bussmann'),
(1031, 'C10G2', 'CYLINDRICAL FUSE 10 x 38 2A GG 500V AC', 10, 'Bussmann'),
(1032, 'C10G4', 'CYLINDRICAL FUSE 10 x 38 4A GG 500V AC', 10, 'Bussmann'),
(1033, 'C10G6', 'CYLINDRICAL FUSE 10 x 38 6A GG 500V AC', 10, 'Bussmann'),
(1034, 'C10G8', 'CYLINDRICAL FUSE 10 x 38 8A GG 500V AC', 10, 'Bussmann'),
(1035, 'C10G10', 'CYLINDRICAL FUSE 10 x 38 10A GG 500V AC', 10, 'Bussmann'),
(1036, 'C10G12', 'CYLINDRICAL FUSE 10 x 38 12A GG 500V AC', 10, 'Bussmann'),
(1037, 'C10G16', 'CYLINDRICAL FUSE 10 x 38 16A GG 500V AC', 10, 'Bussmann'),
(1038, 'C10G20', 'CYLINDRICAL FUSE 10 x 38 20A GG 500V AC', 10, 'Bussmann'),
(1039, 'C10G25', 'CYLINDRICAL FUSE 10 x 38 25A GG 500V AC', 10, 'Bussmann'),
(1040, 'C10G32', 'CYLINDRICAL FUSE 10 x 38 32A GG 400V AC', 10, 'Bussmann'),
(1041, 'C10M1', 'CYLINDRICAL FUSE 10 x 38 1A AM 500V AC', 10, 'Bussmann'),
(1042, 'C10M2', 'CYLINDRICAL FUSE 10 x 38 2A AM 500V AC', 10, 'Bussmann'),
(1043, 'C10M4', 'CYLINDRICAL FUSE 10 x 38 4A AM 500V AC', 10, 'Bussmann'),
(1044, 'C10M6', 'CYLINDRICAL FUSE 10 x 38 6A AM 500V AC', 10, 'Bussmann'),
(1045, 'C10M8', 'CYLINDRICAL FUSE 10 x 38 8A AM 500V AC', 10, 'Bussmann'),
(1046, 'C10M10', 'CYLINDRICAL FUSE 10 x 38 10A AM 500V AC', 10, 'Bussmann'),
(1047, 'C10M12', 'CYLINDRICAL FUSE 10 x 38 12A AM 500V AC', 10, 'Bussmann'),
(1048, 'C10M16', 'CYLINDRICAL FUSE 10 x 38 16A AM 500V AC', 10, 'Bussmann'),
(1049, 'C10M20', 'CYLINDRICAL FUSE 10 x 38 20A AM 400V AC', 10, 'Bussmann'),
(1050, 'C10M25', 'CYLINDRICAL FUSE 10 x 38 25A AM 400V AC', 10, 'Bussmann'),
(1051, 'C14G1', 'CYLINDRICAL FUSE 14 x 51 1A GG 690V AC', 10, 'Bussmann'),
(1052, 'C14G2', 'CYLINDRICAL FUSE 14 x 51 2A GG 690V AC', 10, 'Bussmann'),
(1053, 'C14G4', 'CYLINDRICAL FUSE 14 x 51 4A GG 690V AC', 10, 'Bussmann'),
(1054, 'C14G6', 'CYLINDRICAL FUSE 14 x 51 6A GG 690V AC', 10, 'Bussmann'),
(1055, 'C14G8', 'CYLINDRICAL FUSE 14 x 51 8A GG 690V AC', 10, 'Bussmann'),
(1056, 'C14G10', 'CYLINDRICAL FUSE 14 x 51 10A GG 690V AC', 10, 'Bussmann'),
(1057, 'C14G12', 'CYLINDRICAL FUSE 14 x 51 12A GG 690V AC', 10, 'Bussmann'),
(1058, 'C14G16', 'CYLINDRICAL FUSE 14 x 51 16A GG 690V AC', 10, 'Bussmann'),
(1059, 'C14G20', 'CYLINDRICAL FUSE 14 x 51 20A GG 690V AC', 10, 'Bussmann'),
(1060, 'C14G25', 'CYLINDRICAL FUSE 14 x 51 25A GG 690V AC', 10, 'Bussmann'),
(1061, 'C14G32', 'CYLINDRICAL FUSE 14 x 51 32A GG 500V AC', 10, 'Bussmann'),
(1062, 'C14G40', 'CYLINDRICAL FUSE 14 x 51 40A GG 500V AC', 10, 'Bussmann'),
(1063, 'C14G50', 'CYLINDRICAL FUSE 14 x 51 50A GG 400V AC', 10, 'Bussmann'),
(1064, 'C14G63', 'CYL FUSE 63A 500V 14X51 CYL GG PV14', 10, 'Bussmann'),
(1065, 'C22G2', 'CYLINDRICAL FUSE 22 x 58 2A GG 690V AC', 10, 'Bussmann'),
(1066, 'C22G4', 'CYLINDRICAL FUSE 22 x 58 4A GG 690V AC', 10, 'Bussmann'),
(1067, 'C22G6', 'CYLINDRICAL FUSE 22 x 58 6A GG 690V AC', 10, 'Bussmann'),
(1068, 'C22G8', 'CYLINDRICAL FUSE 22 x 58 8A GG 690V AC', 10, 'Bussmann'),
(1069, 'C22G10', 'CYLINDRICAL FUSE 22 x 58 10A GG 690V AC', 10, 'Bussmann'),
(1070, 'C22G12', 'CYLINDRICAL FUSE 22 x 58 12A GG 690V AC', 10, 'Bussmann'),
(1071, 'C22G16', 'CYLINDRICAL FUSE 22 x 58 16A GG 690V AC', 10, 'Bussmann'),
(1072, 'C22G20', 'CYLINDRICAL FUSE 22 x 58 20A GG 690V AC', 10, 'Bussmann'),
(1073, 'C22G25', 'CYLINDRICAL FUSE 22 x 58 25A GG 690V AC', 10, 'Bussmann'),
(1074, 'C22G32', 'CYLINDRICAL FUSE 22 x 58 32A GG 690V AC', 10, 'Bussmann'),
(1075, 'C22G40', 'CYLINDRICAL FUSE 22 x 58 40A GG 690V AC', 10, 'Bussmann'),
(1076, 'C22G50', 'CYLINDRICAL FUSE 22 x 58 50A GG 690V AC', 10, 'Bussmann'),
(1077, 'C22G63', 'CYLINDRICAL FUSE 22 x 58 63A GG 690V AC', 10, 'Bussmann'),
(1078, 'C22G80', 'CYLINDRICAL FUSE 22 x 58 80A GG 500V AC', 10, 'Bussmann'),
(1079, 'C22G100', 'CYLINDRICAL FUSE 22 x 58 100A GG 500V AC', 10, 'Bussmann'),
(1080, 'C22G125', 'CYLINDRICAL FUSE 22 x 58 125A GG 400V AC', 10, 'Bussmann'),
(1081, '12TDLEJ10', '12KV 10A 2\"DIN BROWN RESIN SEAL FUSE', 3, 'Bussmann'),
(1082, '12TDLEJ6-3', '12KV 6.3A 2\"DIN BROWN RESIN SEAL FUSE', 3, 'Bussmann'),
(1083, '12TDLEJ16', '12KV 16A 2\"DIN BROWN RESIN SEAL FUSE', 1, 'Bussmann'),
(1084, '12TDLEJ20', '12KV 20A 2\"DIN BROWN RESIN SEAL FUSE', 3, 'Bussmann'),
(1085, '12TDLEJ25', '12KV 25A 2\"DIN BROWN RESIN SEAL FUSE', 1, 'Bussmann'),
(1086, '12TDLEJ31-5', '12KV 31.5A 2\"DIN BROWN RESIN SEAL FUSE', 3, 'Bussmann'),
(1087, '12TDLEJ40', '12KV 40A 2\"DIN BROWN RESIN SEAL FUSE', 3, 'Bussmann'),
(1088, '12TDLEJ50', '12KV 50A 2\"DIN BROWN RESIN SEAL FUSE', 3, 'Bussmann'),
(1089, '12TDLEJ63', '12KV 63A 2\"DIN BROWN RESIN SEAL FUSE', 1, 'Bussmann'),
(1090, '12TFMSJ160', '12KV 160AMP 3\" DIN FUSE', 1, 'Bussmann'),
(1091, '12THLEJ100', '12KV 100A 2.5\"DIN BROWN RESIN SEAL FUSE', 1, 'Bussmann'),
(1092, '12THLEJ80', '12KV 80A 2.5\"DIN BROWN RESIN SEAL FUSE', 1, 'Bussmann'),
(1093, '12THMEJ100', '12KV 100A 2.5\"DIN BROWN RESIN SEAL FUSE', 1, 'Bussmann'),
(1094, '12TKLEJ125', '12KV 125A 3\"DIN BROWN RESIN SEAL FUSE', 1, 'Bussmann'),
(1095, '12TXLEJ160', '12KV 160AMP 3.5\" DIN FUSE', 1, 'Bussmann'),
(1096, '12TXLEJ200', '12KV 200AMP 3.5\" DIN FUSE', 1, 'Bussmann'),
(1097, '15-5ABFN223-15', '15.5KV 3.15A FUSE', 1, 'Bussmann'),
(1098, '15-5ABFNA3-15', '15.5KV 3.15A FUSE', 1, 'Bussmann'),
(1099, '15-5AFINF3', '15.5KV 3AMP 3\" AIR FUSE', 1, 'Bussmann'),
(1100, '15-5AFINF3-15', '15.5KV 3.15AMP 3\" AIR FUSE', 1, 'Bussmann'),
(1101, '7-2ABCN223-15', '7.2KV 3.15A FUSE', 1, 'Bussmann'),
(1102, '7-2AMWNA0-5E', '7-2KV 0-5A AMWNA VT FUSE.', 10, 'Bussmann'),
(1103, '7-2OBCNA3-15', '7.2KV 3.15A OIL VT FUSE', 1, 'Bussmann'),
(1104, '7-2OBWNA3-15', '7.2KV 3.15A VT FUSE', 1, 'Bussmann'),
(1105, '7-2OHGMA125', '7.2KV 125A 2.5\" OIL FUSE', 3, 'Bussmann'),
(1106, '7-2OHGMA140', '7.2KV 140Amp 2.5\" OIL FUSE', 3, 'Bussmann'),
(1107, '7-2OHGMA160', '7.2KV 160Amp 2.5\" OIL FUSE', 3, 'Bussmann'),
(1108, '15-5OHGMA80', '15.5KV 80A OILTIGHTFUSE1331', 3, 'Bussmann'),
(1109, '7-2TDLSJ10', '7.2KV 10AMP 2\" DIN FUSE', 3, 'Bussmann'),
(1110, '7-2TDLSJ16', '7.2KV 16AMP 2\" DIN FUSE', 3, 'Bussmann'),
(1111, '7-2TDLSJ20', '7.2KV 20AMP 2\" DIN FUSE', 3, 'Bussmann'),
(1112, '7-2TDLSJ40', '7.2KV 40AMP 2\" DIN FUSE', 3, 'Bussmann'),
(1113, '7-2TDLSJ50', '7.2KV 50AMP 2\" DIN FUSE', 3, 'Bussmann'),
(1114, '7-2TDLSJ63', '7.2KV 63AMP 2\" DIN FUSE', 1, 'Bussmann'),
(1115, '7-2TDLSJ6-3', '7.2KV 6.3AMP 2\" DIN SEALED BROWN BODY', 3, 'Bussmann'),
(1116, '7-2TFLSJ80', '7.2KV 80AMP 3\" DIN FUSE', 3, 'Bussmann'),
(1117, '7-2TFLSJ100', '7.2KV 100AMP 3\" DIN FUSE', 3, 'Bussmann'),
(1118, '7-2TFLSJ125', '7.2KV 125AMP 3\" DIN FUSE', 3, 'Bussmann'),
(1119, '7-2TFLSJ160', '7.2KV 160AMP 3\" DIN FUSE', 3, 'Bussmann'),
(1120, '7-2WFGHA100-BI', '7.2KV 100A 3\" MOTOR FUSE', 1, 'Bussmann'),
(1121, '7-2WFMH7100', '7.2KV 100AMP MOTORSTART 3\" FUSE 1242B', 1, 'Bussmann'),
(1122, '7-2WFMH7125', '7.2KV 125A MOTORSTART 3\" FUSE 1242B', 1, 'Bussmann'),
(1123, '7-2WFMH750', '7.2KV 50AMP 3\"  MOTORSTART FUSE', 1, 'Bussmann'),
(1124, '7-2WFMH763', '7.2KV 63AMP 3\" MOTORSTART FUSE', 1, 'Bussmann'),
(1125, '7-2WFMH780', '7.2KV 80AMP 3\" M/S FUSE', 1, 'Bussmann'),
(1126, '7-2WFMSJ100', '7.2KV 100A M/S 1242', 1, 'Bussmann'),
(1127, '7-2WFMSJ125', '7.2KV 125amps\'\'MOTOR START FUSE', 1, 'Bussmann'),
(1128, '7-2WFMSJ160', '7.2KV 160AMP 3\" MOTORSTART FUSE', 1, 'Bussmann'),
(1129, '7-2WFMSJ63', '7.2KV 63AMP 3\" DIN FUSE', 1, 'Bussmann'),
(1130, '7-2WFMSJ80', '7.2KV 80A 3\" M/START FUSE', 1, 'Bussmann'),
(1131, '7-2WFNHA100', '7.2KV 100A MOTOR START FUSE', 3, 'Bussmann'),
(1132, '7-2WFNHA125', '7.2KV 125A MOTOR START FUSE', 3, 'Bussmann'),
(1133, '7-2WFNHA160', '7.2KV 160A 3\" MOTOR START FUSE', 3, 'Bussmann'),
(1134, '7-2WFNHA50', '7.2KV 50A MOTOR START FUSE', 3, 'Bussmann'),
(1135, '7-2WFNHA63', '7.2KV 63A MOTOR START FUSE', 3, 'Bussmann'),
(1136, '7-2WFNHA80', '7.2KV 80AMP 3\"MOTOR START FUSE', 3, 'Bussmann'),
(1137, '7-2WFNHO100', '7.2KV 100A MOTOR START FUSE', 3, 'Bussmann'),
(1138, '7-2WFNHO125', '7.2KV 125A 3\" MOTOR START FUSE', 1, 'Bussmann'),
(1139, '7-2WFNHO160', '7.2KV 160Amp 3\" MOTORSTART FUSE', 3, 'Bussmann'),
(1140, '7-2WFNHO63', '7.2KV 63A 3\" MOTOR START FUSE', 3, 'Bussmann'),
(1141, '7-2WFNHO80', '7.2KV 80A 3\" MOTOR START FUSE', 3, 'Bussmann'),
(1142, '7-2WKMH7200', '7.2KV 200A M/S 1245', 1, 'Bussmann'),
(1143, '7-2WKMH7250', '7.2KV 250AMP MOTORSTART F', 1, 'Bussmann'),
(1144, '7-2WKMH7315', '7.2KV 315AMP MOTORSTART F USE 1242', 1, 'Bussmann'),
(1145, '7-2WKMH7355', '7.2KV 355A M/S 1245', 1, 'Bussmann'),
(1146, '7-2WKMSJ200', '7.2KV 200A M/S 1243', 1, 'Bussmann'),
(1147, '7-2WKMSJ250', '7.2KV 250Amp 3\" MOTORSTART FUSE', 1, 'Bussmann'),
(1148, '7-2WKMSJ315', '7.2KV 315A M/S FUSE', 1, 'Bussmann'),
(1149, '7-2WKMSJ355', '7.2KV 355Amp 3\" MOTORSTART FUSE', 1, 'Bussmann'),
(1150, '7-2WKNHA200', '7.2KV 200A MOTOR START FUSE', 3, 'Bussmann'),
(1151, '7-2WKNHA224', '7.2KV 224 AMP MS FUSE', 3, 'Bussmann'),
(1152, '7-2WKNHA250', '7.2KV 250A 3\" MOTOR START FUSE', 3, 'Bussmann'),
(1153, '7-2WKNHA315', '7.2KV 315A 3\" MOTOR START FUSE', 3, 'Bussmann'),
(1154, '7-2WKNHO200', '7.2KV 200A 3\" MOTOR START FUSE', 3, 'Bussmann'),
(1155, '7-2WKNHO224', '7.2KV 224A 3\" MOTOR START FUSE', 3, 'Bussmann'),
(1156, '7-2WKNHO250', '7.2KV 250A 3\" MOTOR START FUSE', 3, 'Bussmann'),
(1157, '7-2WKNHO315', '7.2KV 315A 3\" MOTOR START FUSE', 3, 'Bussmann'),
(1158, 'A3354720', '2.5\" FUSECLIP CARTON QTY. 1', 1, 'Bussmann'),
(1159, 'A3354730', '3\" FUSECLIP', 1, 'Bussmann'),
(1160, 'A3354745', '45MM DIN FUSE CLIP', 1, 'Bussmann'),
(1161, '17-5ABGNA3-15', '17.5KV 3.15A FUSE', 1, 'Bussmann'),
(1162, '17-5TDLEJ10', '17.5KV 10A 2\"DIN BROWN RESIN SEAL FUSE', 1, 'Bussmann'),
(1163, '24ABGN223-15', '24KV 3.15A VT FUSE', 1, 'Bussmann'),
(1164, '24ADIHA10', '24KV 10AMP 2\" AIR FUSE', 3, 'Bussmann'),
(1165, '24OBGN223-15', '24KV 3.15A OIL FUSE', 1, 'Bussmann'),
(1166, '24OBGNA3-15', '24KV 3.15A OIL FUSE', 1, 'Bussmann'),
(1167, '17-5TDMEJ16', '17.5KV 16A 2\"DIN BROWN RESIN SEAL FUSE', 1, 'Bussmann'),
(1168, '17-5TDMEJ25', '17.5KV 25A 2\"DIN BROWN RESIN SEAL FUSE', 1, 'Bussmann'),
(1169, '17-5TDMEJ31-5', '17.5KV 31.5A 2\"DIN BROWN RESIN SEAL FUSE', 1, 'Bussmann'),
(1170, '17-5TDMEJ20', '17.5KV 20A 2\"DIN BROWN RESIN SEAL FUSE', 1, 'Bussmann'),
(1171, '17-5TDMEJ40', '17.5KV 40A 2\"DIN BROWN RESIN SEAL FUSE', 1, 'Bussmann'),
(1172, '17-5TDMEJ50', '17.5KV 50A 2\"DIN BROWN RESIN SEAL FUSE', 1, 'Bussmann'),
(1173, '17-5TDMEJ63', '17.5KV 63A 2\"DIN BROWN RESIN SEAL FUSE', 1, 'Bussmann'),
(1174, '17-5THMEJ80', '17.5KV 80A 2.5\"DIN BROWN RESIN SEAL FUSE', 1, 'Bussmann'),
(1175, '17-5THMEJ100', '17.5KV 100A 2.5\"DIN BROWN RESINSEAL FUSE', 1, 'Bussmann'),
(1176, '24TDMEJ10', '24KV 10A 2\"DIN BROWN RESIN SEAL FUSE', 1, 'Bussmann'),
(1177, '24TDMEJ16', '24KV 16A 2\"DIN BROWN RESIN SEAL FUSE', 1, 'Bussmann'),
(1178, '24TDMEJ20', '24KV 20A 2\"DIN BROWN RESIN SEAL FUSE', 1, 'Bussmann'),
(1179, '24TDMEJ25', '24KV 25A 2\"DIN BROWN RESIN SEAL FUSE', 1, 'Bussmann'),
(1180, '24TDMEJ31-5', '24KV 31.5A 2\"DIN BROWN RESIN SEAL FUSE', 1, 'Bussmann'),
(1181, '24TDMEJ40', '24KV 40A 2\"DIN BROWN RESIN SEAL FUSE', 1, 'Bussmann'),
(1182, '24TDMEJ50', '24KV 50A 2\"DIN BROWN RESIN SEAL FUSE', 1, 'Bussmann'),
(1183, '24TDMEJ6-3', '24KV 6.3A 2\"DIN BROWN RESIN SEAL FUSE', 1, 'Bussmann'),
(1184, '24TFMEJ80', '24KV 80A 3\"DIN BROWN RESIN SEAL FUSE', 1, 'Bussmann'),
(1185, '24TFMEJ100', '24KV 100AMP 3\" DIN FUSE', 1, 'Bussmann'),
(1186, '24THMEJ63', '24KV 63A 2.5\"DIN BROWN RESIN SEAL FUSE', 1, 'Bussmann'),
(1187, '24TXMEJ125', '24KV 125AMP 3\" DIN FUSE', 1, 'Bussmann'),
(1188, '24TXMEJ160', '24KV 160AMP 3\" DIN FUSE', 1, 'Bussmann'),
(1189, '3-6ABCNA3-15', '3.6KV 3.15A VT FUSE 1410', 1, 'Bussmann'),
(1190, '3-6ABCNA10', '3.6KV 10AMP FUSE 10 3.6', 1, 'Bussmann'),
(1191, '3-6ADOSJ16', '3.6KV 16AMP 2\" DIN FUSE', 3, 'Bussmann'),
(1192, '3-6ADOSJ40', '3.6KV 40AMP 2\" DIN FUSE', 3, 'Bussmann'),
(1193, '3-6ADOSJ6-3', '3.6KV 6.3AMP 2\" DIN FUSE', 3, 'Bussmann'),
(1194, '36OBGN223-15', '36KV 3.15A OIL VT FUSE', 1, 'Bussmann'),
(1195, '36OBGNA3-15', '36KV 3.15A FUSE', 1, 'Bussmann'),
(1196, '36TDQSJ10', '36KV 10AMP 2\" DIN FUSE', 1, 'Bussmann'),
(1197, '36TDQSJ16', '36KV 16Amp 2\" RESIN SEAL DIN FUSE', 1, 'Bussmann'),
(1198, '36TDQSJ20', '36KV 20AMP 2\" DIN FUSE', 1, 'Bussmann'),
(1199, '36TDQSJ25', '36KV 25AMP 2\" DIN FUSE', 1, 'Bussmann'),
(1200, '36TDQSJ3-15', '36KV 3.15AMP 2\" DIN FUSE', 1, 'Bussmann'),
(1201, '36TDQSJ6-3', '36KV 6.3AMP 2\" DIN FUSE', 1, 'Bussmann'),
(1202, '36TFQSJ31-5', '36KV 31.5AMP 3\" RESIN SEAL FUSE', 1, 'Bussmann'),
(1203, '36TFQSJ40', '36KV 40AMP 3\" DIN FUSE', 1, 'Bussmann'),
(1204, '36TFQSJ50', '36KV 50AMP 3\" DIN FUSE', 1, 'Bussmann'),
(1205, '36TXQEJ63', '36KV 63AMP 3.5\" DIN FUSE', 1, 'Bussmann'),
(1206, '3-6WFGHA100', '3.6KV 100AMP 3\" MOTORSTART FUSE', 3, 'Bussmann'),
(1207, '3-6WFGHA125', '3.6KV 125AMP 3\" M/START', 3, 'Bussmann'),
(1208, '3-6WFGHA160', '3.6KV 160AMP M/START', 3, 'Bussmann'),
(1209, '3-6WFGHA200', '3.6KV 200AMP M/S FUSE', 3, 'Bussmann'),
(1210, '3-6WFGHA250', '3.6KV 250A M/S 1213', 3, 'Bussmann'),
(1211, '3-6WFLSJ160', '3.6KV 160A M/S 1219', 3, 'Bussmann'),
(1212, '3-6WFLSJ200', '3.6KV 200Amp 3\" MOTORSTART FUSE', 3, 'Bussmann'),
(1213, '3-6WFOSJ160', '3.6KV 160A M/S 1216B', 3, 'Bussmann'),
(1214, '3-6WFOSJ200', '3.6KV 200A M/S 1216B', 3, 'Bussmann'),
(1215, '3-6WJON616', '3.6KV 16Amp MOTOR START 1.5\" FUSE', 5, 'Bussmann'),
(1216, '3-6WJON625', '3.6KV 25Amp MOTORSTART 1.5\" FUSE', 5, 'Bussmann'),
(1217, '3-6WJON631-5', '3.6KV 31.5AMP MOTOR START 1.5\" FUSE', 5, 'Bussmann'),
(1218, '3-6WJON640', '3.6KV 40AMP MOTORSTART 1.5\" FUSE', 5, 'Bussmann'),
(1219, '3-6WJON65', '3.6KV 5Amp MOTORSTART 1.5\" FUSE', 5, 'Bussmann'),
(1220, '3-6WJON650', '3.6KV 50AMP MOTOR START 1.5\" FUSE', 5, 'Bussmann'),
(1221, '3-6WKFHO250', '3.6KV 250Amp 3\" MOTOR START FUSE', 3, 'Bussmann'),
(1222, '3-6WKFHO355', '3.6KV 355AMP 3\" MOTOR FUSE', 3, 'Bussmann'),
(1223, '3-6WKFHO400', '3.6KV 400Amp  3\" MOTORSTART FUSE', 3, 'Bussmann'),
(1224, '3-6WKGHA315', '3.6KV 315A M/START FUSE', 3, 'Bussmann'),
(1225, '3-6WKGHA400', '3.6KV 400A M/START FUSE', 3, 'Bussmann'),
(1226, '3-6WKLSJ250', '3.6KV 250Amp 3\" MOTOR START FUSE', 3, 'Bussmann'),
(1227, '15-5CAV3E', '15.5KV 3A 12\" FUSE', 5, 'Bussmann'),
(1228, '15-5CAVH0-5E', '15.5KV 0.5A 12\" FUSE', 5, 'Bussmann'),
(1229, '15-5CAVH1E', '15.5KV 1A 12\" FUSE', 5, 'Bussmann'),
(1230, '15-5CAVH2E', '15.5KV 2A 12\" FUSE', 5, 'Bussmann'),
(1231, '17-5CAV4', '17.5KV 4AMP 8\"FUSE', 5, 'Bussmann'),
(1232, '315MJ31-7', '315AMP 415V AC TYPE J', 0, 'Bussmann'),
(1233, 'CD27', 'FUSE CARRIER D2 E27 25A 500V', 0, 'Bussmann'),
(1234, '2D27', 'FUSE-D2 2A T GL/GG 500VAC E27', 0, 'Bussmann'),
(1235, '4D27', 'FUSE-D2 4A T GL/GG 500VAC E27', 0, 'Bussmann'),
(1236, '6D27', 'FUSE-D2 6A T GL/GG 500VAC E27', 0, 'Bussmann'),
(1237, '10D27', 'FUSE-D2 10A T GL/GG 500VAC E27', 0, 'Bussmann'),
(1238, '16D27', 'FUSE-D2 16A T GL/GG 500VAC E27', 0, 'Bussmann'),
(1239, '20D27', 'FUSE-D2 20A T GL/GG 500VAC E27', 0, 'Bussmann'),
(1240, '25D27', 'FUSE-D2 25A T GL/GG 500VAC E27', 0, 'Bussmann'),
(1241, '2GD27', 'GAUGE PIECE D2 2A 500V FOR E27', 0, 'Bussmann'),
(1242, '4GD27', 'GAUGE PIECE D2 4A 500V FOR E27', 0, 'Bussmann'),
(1243, '6GD27', 'GAUGE PIECE D2 6A 500V FOR E27', 0, 'Bussmann'),
(1244, '10GD27', 'GAUGE PIECE D2 10A FOR E27', 0, 'Bussmann'),
(1245, '16GD27', 'GAUGE PIECE D2 16A FOR E27', 0, 'Bussmann'),
(1246, '20GD27', 'GAUGE PIECE D2 20A 500V FOR E27', 0, 'Bussmann'),
(1247, '25GD27', 'GAUGE PIECE D2 25A 500V FOR E27', 0, 'Bussmann'),
(1248, '16321-2', 'POWER DISTRIBUTION BLOCK', 0, 'Bussmann'),
(1249, '16370-2', 'TERMINAL BLOCK', 0, 'Bussmann'),
(1250, '16321-3', 'POWER DIST. BLOCK 15PK', 0, 'Bussmann'),
(1251, '16323-3', 'POWER TERM.BLK 15PK', 0, 'Bussmann'),
(1252, '16370-3', 'POWER DIST. BLOCK 15PK', 0, 'Bussmann'),
(1253, '16371-3', 'TERMINAL BLOCK', 0, 'Bussmann'),
(1254, '2D16', 'FUSE-D1 2A T GL/GG 500VAC E16', 0, 'Bussmann'),
(1255, '4D16', 'FUSE-D1 4A T GL/GG 500VAC E16', 0, 'Bussmann'),
(1256, '6D16', 'FUSE-D1 6A T GL/GG 500VAC E16', 0, 'Bussmann'),
(1257, '10D16', 'D TYPE. TIME DELAY. 500V 10A', 0, 'Bussmann'),
(1258, '16D16', 'FUSE-D1 16A T GL/GG 500VAC E16', 0, 'Bussmann'),
(1259, '20D16', 'FUSE-D1 20A T GL/GG 500VAC E16', 0, 'Bussmann'),
(1260, '25D16', 'FUSE-D1 25A T GL/GG 500VAC E16', 0, 'Bussmann'),
(1261, '2D16R', 'FUSE 2A DI/E16 GR 500VAC', 0, 'Bussmann'),
(1262, '4D16R', 'FUSE 4A DI/E16 GR 500VAC', 0, 'Bussmann'),
(1263, '6D16R', 'FUSE 6A DI/E16 GR 500VAC', 0, 'Bussmann'),
(1264, '10D16R', 'FUSE 10A DI/E16 GR 500VAC', 0, 'Bussmann'),
(1265, '16D16R', 'FUSE 16A DI/E16 GR 500VAC', 0, 'Bussmann'),
(1266, '20D16R', 'FUSE 20A DI/E16 GR 500VAC', 0, 'Bussmann'),
(1267, '25D16R', 'FUSE 25A DI/E16 GR 500VAC', 0, 'Bussmann'),
(1268, '20D16Q', 'FUSE 20A DI/E16 500VAC DZ', 0, 'Bussmann'),
(1269, 'STD16', '16AMP 240V AC INDUSTRIAL', 0, 'Bussmann'),
(1270, '35D33', 'FUSE-D3 35A T GL/GG 500VAC E33', 0, 'Bussmann'),
(1271, '50D33', 'FUSE-D3 50A T GL/GG 500VAC E33', 0, 'Bussmann'),
(1272, '63D33', 'FUSE-D3 63A T GL/GG 500VAC E33', 0, 'Bussmann'),
(1273, '35D33Q', 'FUSE 35A DIII/E33 500VAC', 0, 'Bussmann'),
(1274, '50D33Q', 'FUSE 50A DIII/E33 500VAC', 0, 'Bussmann'),
(1275, '63D33Q', 'FUSE 63A DIII/E33 500VAC', 0, 'Bussmann'),
(1276, '35D33R', 'FUSE-D2 35A F GR 500VAC E33', 0, 'Bussmann'),
(1277, '50D33R', 'FUSE-D3 50A GR ULTRA RAPID 500VAC E33', 0, 'Bussmann'),
(1278, '63D33R', 'FUSE-D2 63A F GR 500VAC E33', 0, 'Bussmann'),
(1279, '35GD33', 'GAUGE PIECE D3 35A 500V FOR E33', 0, 'Bussmann'),
(1280, '50GD33', 'GAUGE PIECE D3 50A 500V FOR E33', 0, 'Bussmann'),
(1281, '63GD33', 'GAUGE PIECE D3 63A 500V FOR E33', 0, 'Bussmann'),
(1282, 'SFRD33', 'SICHERUNGSUNTERTEIL D3 E33 1POL DIN HUT', 0, 'Bussmann'),
(1283, 'TFD33', 'SICHERUNGSUNTERTEIL D2 E27 3POL', 0, 'Bussmann'),
(1284, 'TFRD33', 'SICHERUNGSUNTERTEIL D2 E27 3POL DIN HUT', 0, 'Bussmann'),
(1285, '2NZ01', 'FUSE-D01 2A T GL/GG 400VAC E14', 0, 'Bussmann'),
(1286, '4NZ01', 'FUSE-D01 4A T GL/GG 400VAC E14', 0, 'Bussmann'),
(1287, '6NZ01', 'FUSE-D01 6A T GL/GG 400VAC E14', 0, 'Bussmann'),
(1288, '10NZ01', 'FUSE-D01 10A T GL/GG 400VAC E14', 0, 'Bussmann'),
(1289, '16NZ01', 'FUSE-D01 16A T GL/GG 400VAC E14', 0, 'Bussmann'),
(1290, '20NZ02', 'FUSE-D02 20A T GL/GG 400VAC E18', 0, 'Bussmann'),
(1291, '25NZ02', 'FUSE-D02 25A T GL/GG 400VAC E18', 0, 'Bussmann'),
(1292, '35NZ02', 'FUSE-D02 35A T GL/GG 400VAC E18', 0, 'Bussmann'),
(1293, '50NZ02', 'FUSE-D02 50A T GL/GG 400VAC E18', 0, 'Bussmann'),
(1294, '63NZ02', 'FUSE-D02 63A T GL/GG 400VAC E18', 0, 'Bussmann'),
(1295, '80NZ03', 'FUSE-D03 80A T GL/GG 400VAC M30', 0, 'Bussmann'),
(1296, '100NZ03', 'FUSE-D03 100A T GL/GG 400VAC M30', 0, 'Bussmann'),
(1297, 'BAF-2', 'BUSS MIDGET FUSE', 0, 'Bussmann'),
(1298, 'BAF-5', 'BUSS MIDGET FUSE', 0, 'Bussmann'),
(1299, 'BAF-10', 'BUSS MIDGET FUSE', 0, 'Bussmann'),
(1300, 'BAF-15', 'BUSS MIDGET FUSE', 0, 'Bussmann'),
(1301, 'BAF-20', 'BUSS MIDGET FUSE', 0, 'Bussmann'),
(1302, 'BAF-30', 'BUSS MIDGET FUSE', 0, 'Bussmann'),
(1303, 'BAF-1-1-2', 'BUSS MIDGET FUSE', 0, 'Bussmann'),
(1304, 'BH-0111', 'MODULAR BLOCK', 0, 'Bussmann'),
(1305, 'BH-0112', 'MODULAR BLOCK', 0, 'Bussmann'),
(1306, 'BH-0122', 'MODULAR BLOCK', 0, 'Bussmann'),
(1307, 'BH-1133', 'MODULAR BLOCK', 0, 'Bussmann'),
(1308, 'BH-3144', 'MODULAR BLOCK', 0, 'Bussmann'),
(1309, 'BH-3145', 'MODULAR BLOCK', 0, 'Bussmann'),
(1310, 'KLM-2', 'LIMITRON FAST ACTING FUSE', 0, 'Bussmann'),
(1311, 'KLM-3', 'LIMITRON FAST ACTING FUSE', 0, 'Bussmann'),
(1312, 'KLM-4', 'LIMITRON FAST ACTING FUSE', 0, 'Bussmann'),
(1313, 'KLM-5', 'LIMITRON FAST ACTING FUSE', 0, 'Bussmann'),
(1314, 'KLM-6', 'LIMITRON FAST ACTING FUSE', 0, 'Bussmann'),
(1315, 'KLM-8', 'LIMITRON FAST ACTING FUSE', 0, 'Bussmann'),
(1316, 'KLM-10', 'LIMITRON FAST ACTING FUSE', 0, 'Bussmann'),
(1317, 'KLM-15', 'LIMITRON FAST ACTING FUSE', 0, 'Bussmann'),
(1318, 'KLM-30', 'LIMITRON FAST ACTING FUSE', 0, 'Bussmann'),
(1319, 'FL11T25', 'FUSE LINK,EDISON,TYPE T,25A,23\"L', 0, 'Bussmann'),
(1320, 'FL11T40', 'FUSE LINK,EDISON,TYPE T,40A,23\"L', 0, 'Bussmann'),
(1321, 'FL11T50', 'FUSE LINK,EDISON,TYPE T,50A,23\"L', 0, 'Bussmann'),
(1322, 'FNA-30', 'FUSETRON DUAL-ELEMENT INDICATING', 0, 'Bussmann'),
(1323, 'FNA-2-1-4', 'FUSETRON DUAL-ELEMENT INDICATING', 0, 'Bussmann'),
(1324, 'FNA-2-8-10', 'FUSETRON DUAL-ELEMENT INDICATING', 0, 'Bussmann'),
(1325, 'FNM-1', 'BUSS MIDGET FUSE', 0, 'Bussmann'),
(1326, 'FNM-2', 'BUSS MIDGET FUSE', 0, 'Bussmann'),
(1327, 'FNM-3', 'BUSS MIDGET FUSE', 0, 'Bussmann'),
(1328, 'FNM-4', 'BUSS MIDGET FUSE', 0, 'Bussmann'),
(1329, 'FNM-5', 'BUSS MIDGET FUSE', 0, 'Bussmann'),
(1330, 'FNM-6', 'BUSS MIDGET FUSE', 0, 'Bussmann'),
(1331, 'FNM-7', 'BUSS MIDGET FUSE', 0, 'Bussmann'),
(1332, 'FNM-8', 'BUSS MIDGET FUSE', 0, 'Bussmann'),
(1333, 'FNM-9', 'BUSS MIDGET FUSE', 0, 'Bussmann'),
(1334, 'FNM-10', 'BUSS MIDGET FUSE', 0, 'Bussmann'),
(1335, 'FNM-15', 'BUSS MIDGET FUSE', 0, 'Bussmann'),
(1336, 'FNM-20', 'BUSS MIDGET FUSE', 0, 'Bussmann'),
(1337, 'FNM-25', 'BUSS MIDGET FUSE', 0, 'Bussmann'),
(1338, 'FNM-30', 'BUSS MIDGET FUSE', 0, 'Bussmann'),
(1339, 'FNM-1-1-2', '1.5A BUSS MIDGET FUSE', 0, 'Bussmann'),
(1340, 'FNM-1-1-4', 'BUSS MIDGET FUSE', 0, 'Bussmann'),
(1341, 'FNM-1-1-8', 'BUSS MIDGET FUSE', 0, 'Bussmann'),
(1342, 'FNM-1-2', 'BUSS MIDGET FUSE', 0, 'Bussmann'),
(1343, 'FNM-2-1-2', 'BUSS MIDGET FUSE', 0, 'Bussmann'),
(1344, 'FNM-2-8-10', 'BUSS MIDGET FUSE', 0, 'Bussmann'),
(1345, 'FNM-3-10', 'BUSS MIDGET FUSE', 0, 'Bussmann'),
(1346, 'FNM-3-2-10', 'BUSS MIDGET FUSE', 0, 'Bussmann'),
(1347, 'FNM-6-1-4', 'BUSS MIDGET FUSE', 0, 'Bussmann'),
(1348, 'FNQ-1', 'BUSS MIDGET FUSE', 0, 'Bussmann'),
(1349, 'FNQ-2', 'BUSS MIDGET FUSE', 0, 'Bussmann'),
(1350, 'FNQ-3', 'BUSS MIDGET FUSE', 0, 'Bussmann'),
(1351, 'FNQ-4', 'BUSS MIDGET FUSE', 0, 'Bussmann'),
(1352, 'FNQ-5', 'BUSS MIDGET FUSE', 0, 'Bussmann'),
(1353, 'FNQ-6', 'BUSS MIDGET FUSE', 0, 'Bussmann'),
(1354, 'FNQ-8', 'BUSS MIDGET FUSE', 0, 'Bussmann'),
(1355, 'FNQ-10', 'BUSS MIDGET FUSE', 0, 'Bussmann'),
(1356, 'FNQ-15', 'BUSS MIDGET FUSE', 0, 'Bussmann'),
(1357, 'FNQ-20', 'BUSS MIDGET FUSE', 0, 'Bussmann'),
(1358, 'FNQ-25', 'BUSS MIDGET FUSE', 0, 'Bussmann'),
(1359, 'FNQ-30', 'BUSS MIDGET FUSE', 0, 'Bussmann'),
(1360, 'FNQ-1-10', 'BUSS MIDGET FUSE', 0, 'Bussmann'),
(1361, 'FNQ-1-2', 'BUSS MIDGET FUSE', 0, 'Bussmann'),
(1362, 'FNQ-1-4', 'BUSS MIDGET FUSE', 0, 'Bussmann'),
(1363, 'FNQ-1-6-10', 'BUSS MIDGET FUSE', 0, 'Bussmann'),
(1364, 'FNQ-1-8', 'BUSS MIDGET FUSE', 0, 'Bussmann'),
(1365, 'FNQ-3-10', 'BUSS MIDGET FUSE', 0, 'Bussmann'),
(1366, 'FNQ-3-1-2', 'BUSS MIDGET FUSE', 0, 'Bussmann'),
(1367, 'FNQ-3-2-10', 'BUSS MIDGET FUSE', 0, 'Bussmann'),
(1368, 'FNQ-6-10', 'BUSS MIDGET FUSE', 0, 'Bussmann'),
(1369, 'FNQ-R-1', 'CLASS CC TIME DELAY', 0, 'Bussmann'),
(1370, 'FNQ-R-2', 'CLASS CC TIME DELAY', 0, 'Bussmann'),
(1371, 'FNQ-R-3', 'FUSE 3 A 600VAC', 0, 'Bussmann'),
(1372, 'FNQ-R-4', 'CLASS CC TIME DELAY', 0, 'Bussmann'),
(1373, 'FNQ-R-5', 'CLASS CC TIME DELAY', 0, 'Bussmann'),
(1374, 'FNQ-R-6', 'CLASS CC TIME DELAY', 0, 'Bussmann'),
(1375, 'FNQ-R-7', 'CLASS CC TIME DELAY', 0, 'Bussmann'),
(1376, 'FNQ-R-8', 'CLASS CC TIME DELAY 10 X 38 7.5A 600V AC', 0, 'Bussmann'),
(1377, 'FNQ-R-10', 'CLASS CC TIME DELAY', 0, 'Bussmann'),
(1378, 'FNQ-R-12', 'CLASS CC TIME DELAY REJECTION FUSE', 0, 'Bussmann'),
(1379, 'FNQ-R-15', 'CLASS CC TIME DELAY REJECTION FUSE', 0, 'Bussmann'),
(1380, 'FNQ-R-20', 'CLASS CC TIME DELAY REJECTION FUSE', 0, 'Bussmann'),
(1381, 'FNQ-R-25', 'CLASS CC TIME DELAY REJECTION FUSE', 0, 'Bussmann'),
(1382, 'FNQ-R-30', 'CLASS CC TIME DELAY REJECTION FUSE', 0, 'Bussmann'),
(1383, 'FNQ-R-1-1-2', 'CLASS CC TIME DELAY', 0, 'Bussmann'),
(1384, 'FNQ-R-1-1-4', 'CLASS CC TIME DELAY', 0, 'Bussmann'),
(1385, 'FNQ-R-1-2', 'CLASS CC TIME DELAY', 0, 'Bussmann'),
(1386, 'FNQ-R-1-4', 'CLASS CC TIME DELAY', 0, 'Bussmann'),
(1387, 'FNQ-R-1-6-10', 'CLASS CC TIME DELAY', 0, 'Bussmann'),
(1388, 'FNQ-R-1-8-10', 'CLASS CC TIME DELAY', 0, 'Bussmann'),
(1389, 'FNQ-R-2-1-2', 'CLASS CC TIME DELAY', 0, 'Bussmann'),
(1390, 'FNQ-R-3-10', 'CLASS CC TIME DELAY', 0, 'Bussmann'),
(1391, 'FNQ-R-3-1-2', 'CLASS CC TIME DELAY', 0, 'Bussmann'),
(1392, 'FNQ-R-3-2-10', 'CLASS CC TIME DELAY', 0, 'Bussmann'),
(1393, 'FNQ-R-3-4', 'CLASS CC TIME DELAY', 0, 'Bussmann'),
(1394, 'FNQ-R-4-10', 'CLASS CC TIME DELAY', 0, 'Bussmann'),
(1395, 'FNQ-R-6-10', 'CLASS CC TIME DELAY', 0, 'Bussmann'),
(1396, 'FNQ-R-6-1-4', 'CLASS CC TIME DELAY', 0, 'Bussmann'),
(1397, 'FNQ-R-7-1-2', 'CLASS CC TIME DELAY', 0, 'Bussmann'),
(1398, 'FNQ-R-8-10', 'CLASS CC TIME DELAY', 0, 'Bussmann'),
(1399, 'FRN-R-1', 'FUSETRON DUAL-ELEMENT CLASS RK5', 0, 'Bussmann'),
(1400, 'FRN-R-2', 'FUSETRON DUAL-ELEMENT CLASS RK5', 0, 'Bussmann'),
(1401, 'FRN-R-3', 'FUSETRON DUAL-ELEMENT CLASS RK5', 0, 'Bussmann'),
(1402, 'FRN-R-5', 'FUSETRON DUAL-ELEMENT CLASS RK5', 0, 'Bussmann'),
(1403, 'FRN-R-6', 'FUSETRON DUAL-ELEMENT CLASS RK5', 0, 'Bussmann'),
(1404, 'FRN-R-8', 'FUSETRON DUAL-ELEMENT CLASS RK5', 0, 'Bussmann'),
(1405, 'FRN-R-10', 'FUSETRON DUAL-ELEMENT CLASS RK5', 0, 'Bussmann'),
(1406, 'FRN-R-12', 'FUSETRON DUAL-ELEMENT CLASS RK5', 0, 'Bussmann'),
(1407, 'FRN-R-15', 'FUSETRON DUAL-ELEMENT CLASS RK5', 0, 'Bussmann'),
(1408, 'FRN-R-20', 'FUSETRON DUAL-ELEMENT CLASS RK5', 0, 'Bussmann'),
(1409, 'FRN-R-30', 'FUSETRON DUAL-ELEMENT CLASS RK5', 0, 'Bussmann'),
(1410, 'FRN-R-35', 'FUSETRON DUAL-ELEMENT CLASS RK5', 0, 'Bussmann'),
(1411, 'FRN-R-40', 'FUSETRON DUAL-ELEMENT CLASS RK5', 0, 'Bussmann'),
(1412, 'FRN-R-50', 'FUSETRON DUAL-ELEMENT CLASS RK5', 0, 'Bussmann'),
(1413, 'FRN-R-60', 'FUSETRON DUAL-ELEMENT CLASS RK5', 0, 'Bussmann'),
(1414, 'FRN-R-70', 'FUSETRON DUAL-ELEMENT CLASS RK5', 0, 'Bussmann'),
(1415, 'FRN-R-80', 'FUSETRON DUAL-ELEMENT CLASS RK5', 0, 'Bussmann'),
(1416, 'FRN-R-125', 'FUSETRON DUAL-ELEMENT CLASS RK5', 0, 'Bussmann'),
(1417, 'FRN-R-200', 'FUSETRON DUAL-ELEMENT CLASS RK5', 0, 'Bussmann'),
(1418, 'FRN-R-225', 'FUSETRON DUAL-ELEMENT', 0, 'Bussmann'),
(1419, 'FRN-R-350', 'FUSETRON DUAL-ELEMENT', 0, 'Bussmann'),
(1420, 'FRN-R-600', 'FUSETRON DUAL-ELEMENT', 0, 'Bussmann'),
(1421, 'FRN-R-1-2', 'FUSETRON DUAL-ELEMENT CLASS RK5', 0, 'Bussmann'),
(1422, 'FRN-R-1-4', 'FUSETRON DUAL-ELEMENT CLASS RK5', 0, 'Bussmann'),
(1423, 'FRN-R-2-1-2', 'FUSETRON DUAL-ELEMENT CLASS RK5', 0, 'Bussmann'),
(1424, 'FRN-R-3-2-10', 'FUSETRON DUAL-ELEMENT CLASS RK5', 0, 'Bussmann'),
(1425, 'FRN-R-4-1-2', 'FUSETRON DUAL-ELEMENT CLASS RK5', 0, 'Bussmann'),
(1426, 'FRN-R-6-1-4', 'FUSETRON DUAL-ELEMENT CLASS RK5', 0, 'Bussmann'),
(1427, 'FRN-R-17-1-2', 'FUSETRON DUAL-ELEMENT CLASS RK5', 0, 'Bussmann'),
(1428, 'FRS-R-1', 'FUSETRON DUAL ELEMENT FUSE CLASS RK5', 0, 'Bussmann'),
(1429, 'FRS-R-2', 'FUSETRON DUAL ELEMENT FUSE CLASS RK5', 0, 'Bussmann'),
(1430, 'FRS-R-3', 'FUSETRON DUAL ELEMENT FUSE CLASS RK5', 0, 'Bussmann'),
(1431, 'FRS-R-5', 'FUSETRON DUAL ELEMENT FUSE CLASS RK5', 0, 'Bussmann'),
(1432, 'FRS-R-8', 'FUSETRON DUAL ELEMENT FUSE CLASS RK5', 0, 'Bussmann'),
(1433, 'FRS-R-10', 'FUSETRON DUAL ELEMENT FUSE CLASS RK5', 0, 'Bussmann'),
(1434, 'FRS-R-12', 'FUSETRON DUAL ELEMENT FUSE CLASS RK5', 0, 'Bussmann'),
(1435, 'FRS-R-15', 'FUSETRON DUAL ELEMENT FUSE CLASS RK5', 0, 'Bussmann'),
(1436, 'FRS-R-20', 'FUSETRON DUAL ELEMENT FUSE CLASS RK5', 0, 'Bussmann'),
(1437, 'FRS-R-25', 'FUSETRON DUAL ELEMENT FUSE CLASS RK5', 0, 'Bussmann'),
(1438, 'FRS-R-30', 'FUSETRON DUAL ELEMENT FUSE CLASS RK5', 0, 'Bussmann'),
(1439, 'FRS-R-35', 'FUSETRON DUAL ELEMENT FUSE CLASS RK5', 0, 'Bussmann'),
(1440, 'FRS-R-40', 'FUSETRON DUAL ELEMENT FUSE CLASS RK5', 0, 'Bussmann'),
(1441, 'FRS-R-45', 'FUSETRON DUAL ELEMENT FUSE CLASS RK5', 0, 'Bussmann'),
(1442, 'FRS-R-50', 'FUSETRON DUAL ELEMENT FUSE CLASS RK5', 0, 'Bussmann'),
(1443, 'FRS-R-60', 'FUSETRON DUAL ELEMENT FUSE CLASS RK5', 0, 'Bussmann'),
(1444, 'FRS-R-70', 'FUSETRON DUAL ELEMENT FUSE CLASS RK5', 0, 'Bussmann'),
(1445, 'FRS-R-80', 'FUSETRON DUAL ELEMENT FUSE CLASS RK5', 0, 'Bussmann'),
(1446, 'FRS-R-90', 'FUSETRON DUAL ELEMENT FUSE CLASS RK5', 0, 'Bussmann'),
(1447, 'FRS-R-100', 'FUSETRON DUAL ELEMENT FUSE CLASS RK5', 0, 'Bussmann'),
(1448, 'FRS-R-110', 'FUSETRON DUAL ELEMENT FUSE CLASS RK5', 0, 'Bussmann'),
(1449, 'FRS-R-125', 'FUSETRON DUAL ELEMENT FUSE CLASS RK5', 0, 'Bussmann'),
(1450, 'FRS-R-150', 'FUSETRON DUAL ELEMENT FUSE CLASS RK5', 0, 'Bussmann'),
(1451, 'FRS-R-175', 'FUSETRON DUAL ELEMENT FUSE CLASS RK5', 0, 'Bussmann'),
(1452, 'FRS-R-200', 'FUSETRON DUAL ELEMENT FUSE CLASS RK5', 0, 'Bussmann'),
(1453, 'FRS-R-225', 'FUSETRON DUAL ELEMENT FUSE CLASS RK5', 0, 'Bussmann'),
(1454, 'FRS-R-300', 'FUSETRON DUAL ELEMENT FUSE CLASS RK5', 0, 'Bussmann'),
(1455, 'FRS-R-1-1-2', 'FUSETRON DUAL ELEMENT FUSE CLASS RK5', 0, 'Bussmann'),
(1456, 'FRS-R-17-1-2', 'FUSETRON DUAL ELEMENT FUSE CLASS RK5', 0, 'Bussmann'),
(1457, 'FRS-R-1-8-10', 'FUSETRON DUAL ELEMENT FUSE CLASS RK5', 0, 'Bussmann'),
(1458, 'FRS-R-2-1-2', 'FUSETRON DUAL ELEMENT FUSE CLASS RK5', 0, 'Bussmann'),
(1459, 'FRS-R-2-1-4', 'FUSETRON DUAL ELEMENT FUSE CLASS RK5', 0, 'Bussmann'),
(1460, 'FRS-R-3-1-2', 'FUSETRON DUAL ELEMENT FUSE CLASS RK5', 0, 'Bussmann'),
(1461, 'FRS-R-8-10', 'FUSETRON DUAL ELEMENT FUSE CLASS RK5', 0, 'Bussmann'),
(1462, 'JJN-2', 'ARON FAST ACTING FUSE', 0, 'Bussmann'),
(1463, 'JJN-6', 'TRON FAST ACTING FUSE', 0, 'Bussmann'),
(1464, 'JJN-15', 'TRON FAST ACTING FUSE CLASS T', 0, 'Bussmann'),
(1465, 'JJN-50', 'TRON FAST ACTING FUSE CLASS T', 0, 'Bussmann'),
(1466, 'JJN-110', 'TRON FAST ACTING FUSE CLASS T', 0, 'Bussmann'),
(1467, 'JJN-125', 'TRON FAST ACTING FUSE', 0, 'Bussmann'),
(1468, 'JJN-175', 'TRON FAST ACTING FUSE CLASS T', 0, 'Bussmann'),
(1469, 'JJS-10', 'TRON FAST ACTING FUSE CLASS T', 0, 'Bussmann'),
(1470, 'JJS-15', 'TRON FAST ACTING FUSE CLASS T', 0, 'Bussmann'),
(1471, 'JJS-20', 'TRON FAST ACTING FUSE CLASS T', 0, 'Bussmann'),
(1472, 'JJS-25', 'TRON FAST ACTING FUSE CLASS T', 0, 'Bussmann'),
(1473, 'JJS-30', 'TRON FAST ACTING FUSE CLASS T', 0, 'Bussmann'),
(1474, 'JJS-50', 'TRON FAST ACTING FUSE CLASS T', 0, 'Bussmann'),
(1475, 'JJS-60', 'TRON FAST ACTING FUSE CLASS T', 0, 'Bussmann'),
(1476, 'JJS-70', 'TRON FAST ACTING FUSE CLASS T', 0, 'Bussmann'),
(1477, 'JJS-80', 'TRON FAST ACTING FUSE CLASS T', 0, 'Bussmann'),
(1478, 'JJS-90', 'TRON FAST ACTING FUSE CLASS T', 0, 'Bussmann'),
(1479, 'JJS-110', 'TRON FAST ACTING FUSE CLASS T', 0, 'Bussmann'),
(1480, 'JJS-125', 'TRON FAST ACTING FUSE CLASS T', 0, 'Bussmann'),
(1481, 'JJS-150', 'TRON FAST ACTING FUSE CLASS T', 0, 'Bussmann'),
(1482, 'JJS-175', 'TRON FAST ACTING FUSE CLASS T', 0, 'Bussmann'),
(1483, 'JJS-200', 'TRON FAST ACTING FUSE CLASS T', 0, 'Bussmann'),
(1484, 'JJS-300', 'TRON FAST ACTING FUSE CLASS T', 0, 'Bussmann'),
(1485, 'JJS-350', 'TRON FAST ACTING FUSE CLASS T', 0, 'Bussmann'),
(1486, 'JJS-400', 'TRON FAST ACTING FUSE CLASS T', 0, 'Bussmann'),
(1487, 'JJS-450', 'TRON FAST ACTING FUSE CLASS T', 0, 'Bussmann'),
(1488, 'JJS-500', 'TRON FAST ACTING FUSE CLASS T', 0, 'Bussmann'),
(1489, 'JJS-600', 'TRON FAST ACTING FUSE CLASS T', 0, 'Bussmann'),
(1490, 'JKS-2', 'LIMITRON FAST ACTING FUSE CLASS J', 0, 'Bussmann'),
(1491, 'JKS-3', 'LIMITRON FAST ACTING FUSE CLASS J', 0, 'Bussmann'),
(1492, 'JKS-10', 'LIMITRON FAST ACTING FUSE CLASS J', 0, 'Bussmann'),
(1493, 'JKS-15', 'LIMITRON FAST ACTING FUSE CLASS J', 0, 'Bussmann'),
(1494, 'JKS-20', 'LIMITRON FAST ACTING FUSE CLASS J', 0, 'Bussmann'),
(1495, 'JKS-30', 'LIMITRON FAST ACTING FUSE CLASS J', 0, 'Bussmann'),
(1496, 'JKS-35', 'LIMITRON FAST ACTING FUSE CLASS J', 0, 'Bussmann'),
(1497, 'JKS-40', 'LIMITRON FAST ACTING FUSE CLASS J', 0, 'Bussmann'),
(1498, 'JKS-45', 'LIMITRON FAST ACTING FUSE CLASS J', 0, 'Bussmann'),
(1499, 'JKS-50', 'LIMITRON FAST ACTING FUSE CLASS J', 0, 'Bussmann'),
(1500, 'JKS-60', 'LIMITRON FAST ACTING FUSE CLASS J', 0, 'Bussmann'),
(1501, 'JKS-70', 'LIMITRON FAST ACTING FUSE CLASS J', 0, 'Bussmann'),
(1502, 'JKS-80', 'LIMITRON FAST ACTING FUSE CLASS J', 0, 'Bussmann'),
(1503, 'JKS-100', 'LIMITRON FAST ACTING FUSE CLASS J', 0, 'Bussmann'),
(1504, 'JKS-125', 'LIMITRON FAST ACTING FUSE CLASS J', 0, 'Bussmann'),
(1505, 'JKS-150', 'LIMITRON FAST ACTING FUSE CLASS J', 0, 'Bussmann'),
(1506, 'JKS-200', 'LIMITRON FAST ACTING FUSE CLASS J', 0, 'Bussmann'),
(1507, 'JKS-250', 'LIMITRON FAST ACTING FUSE CLASS J', 0, 'Bussmann'),
(1508, 'JKS-300', 'LIMITRON FAST ACTING FUSE CLASS J', 0, 'Bussmann'),
(1509, 'JKS-350', 'LIMITRON FAST ACTING FUSE CLASS J', 0, 'Bussmann'),
(1510, 'JKS-400', 'LIMITRON FAST ACTING FUSE CLASS J', 0, 'Bussmann'),
(1511, 'JKS-450', 'LIMITRON FAST ACTING FUSE CLASS J', 0, 'Bussmann'),
(1512, 'KTK-1', 'LIMITRON FAST ACTING FUSE', 0, 'Bussmann'),
(1513, 'KTK-2', 'LIMITRON FAST ACTING FUSE', 0, 'Bussmann'),
(1514, 'KTK-3', 'LIMITRON FAST ACTING FUSE', 0, 'Bussmann'),
(1515, 'KTK-4', 'LIMITRON FAST ACTING FUSE', 0, 'Bussmann'),
(1516, 'KTK-5', 'LIMITRON FAST ACTING FUSE', 0, 'Bussmann'),
(1517, 'KTK-6', 'LIMITRON FAST ACTING FUSE', 0, 'Bussmann'),
(1518, 'KTK-8', 'LIMITRON FAST ACTING FUSE', 0, 'Bussmann'),
(1519, 'KTK-10', 'LIMITRON FAST ACTING FUSE', 0, 'Bussmann'),
(1520, 'KTK-15', 'LIMITRON FAST ACTING FUSE', 0, 'Bussmann'),
(1521, 'KTK-20', 'LIMITRON FAST ACTING FUSE', 0, 'Bussmann'),
(1522, 'KTK-25', 'LIMITRON FAST ACTING FUSE', 0, 'Bussmann'),
(1523, 'KTK-30', 'LIMITRON FAST ACTING FUSE', 0, 'Bussmann'),
(1524, 'KTK-1-10', 'LIMITRON FAST ACTING FUSE', 0, 'Bussmann'),
(1525, 'KTK-1-4', 'LIMITRON FAST ACTING FUSE', 0, 'Bussmann'),
(1526, 'KTK-2-1-2', 'LIMITRON FAST ACTING FUSE', 0, 'Bussmann'),
(1527, 'KTK-3-1-2', 'LIMITRON FAST ACTING FUSE', 0, 'Bussmann'),
(1528, 'KTK-3-4', 'LIMITRON FAST ACTING FUSE', 0, 'Bussmann'),
(1529, 'KTK-R-1', 'CLASS CC FAST ACTING FUSE CLASS CC', 0, 'Bussmann'),
(1530, 'KTK-R-2', 'CLASS CC FAST ACTING FUSE CLASS CC', 0, 'Bussmann'),
(1531, 'KTK-R-3', 'CLASS CC FAST ACTING FUSE CLASS CC', 0, 'Bussmann'),
(1532, 'KTK-R-4', 'CLASS CC FAST ACTING FUSE CLASS CC', 0, 'Bussmann'),
(1533, 'KTK-R-5', 'CLASS CC FAST ACTING FUSE CLASS CC', 0, 'Bussmann'),
(1534, 'KTK-R-6', 'CLASS CC FAST ACTING FUSE CLASS CC', 0, 'Bussmann'),
(1535, 'KTK-R-8', 'CLASS CC FAST ACTING FUSE CLASS CC', 0, 'Bussmann'),
(1536, 'KTK-R-9', 'CLASS CC FAST ACTING FUSE', 0, 'Bussmann'),
(1537, 'KTK-R-10', 'CLASS CC FAST ACTING FUSE CLASS CC', 0, 'Bussmann'),
(1538, 'KTK-R-12', 'CLASS CC FAST ACTING FUSE CLASS CC', 0, 'Bussmann'),
(1539, 'KTK-R-15', 'CLASS CC FAST ACTING FUSE CLASS CC', 0, 'Bussmann'),
(1540, 'KTK-R-20', 'CLASS CC FAST ACTING FUSE CLASS CC', 0, 'Bussmann'),
(1541, 'KTK-R-25', 'CLASS CC FAST ACTING FUSE', 0, 'Bussmann'),
(1542, 'KTK-R-30', 'CLASS CC FAST ACTING FUSE', 0, 'Bussmann'),
(1543, 'KTK-R-1-1-2', 'CLASS CC FAST ACTING FUSE CLASS CC', 0, 'Bussmann'),
(1544, 'KTK-R-1-2', 'CLASS CC FAST ACTING FUSE CLASS CC', 0, 'Bussmann'),
(1545, 'LP-CC-1', 'LOW PEAK CC TIME DELAY', 0, 'Bussmann'),
(1546, 'LP-CC-2', 'LOW PEAK CC TIME DELAY', 0, 'Bussmann'),
(1547, 'LP-CC-3', 'LOW PEAK CC TIME DELAY', 0, 'Bussmann'),
(1548, 'LP-CC-4', 'LOW PEAK CC TIME DELAY', 0, 'Bussmann'),
(1549, 'LP-CC-5', 'LOW PEAK CC TIME DELAY', 0, 'Bussmann'),
(1550, 'LP-CC-6', 'LOW PEAK CC TIME DELAY', 0, 'Bussmann'),
(1551, 'LP-CC-7', 'LOW PEAK CC TIME DELAY', 0, 'Bussmann'),
(1552, 'LP-CC-8', 'LOW PEAK CC TIME DELAY', 0, 'Bussmann'),
(1553, 'LP-CC-9', 'LOW PEAK CC TIME DELAY', 0, 'Bussmann'),
(1554, 'LP-CC-10', 'LOW PEAK CC TIME DELAY', 0, 'Bussmann'),
(1555, 'LP-CC-12', 'LOW PEAK CC TIME DELAY', 0, 'Bussmann'),
(1556, 'LP-CC-15', 'LOW PEAK CC TIME DELAY', 0, 'Bussmann'),
(1557, 'LP-CC-20', 'LOW PEAK CC TIME DELAY', 0, 'Bussmann'),
(1558, 'LP-CC-25', 'LOW PEAK CC TIME DELAY', 0, 'Bussmann'),
(1559, 'LP-CC-30', 'LOW PEAK CC TIME DELAY', 0, 'Bussmann'),
(1560, 'LP-CC-1-1-2', 'LOW PEAK CC TIME DELAY', 0, 'Bussmann'),
(1561, 'LP-CC-1-2', 'LOW PEAK CC TIME DELAY', 0, 'Bussmann'),
(1562, 'LP-CC-2-1-2', 'LOW PEAK CC TIME DELAY', 0, 'Bussmann'),
(1563, 'LPJ-1SP', 'LOW PEAK CLASS J T/D', 0, 'Bussmann'),
(1564, 'LPJ-2SP', 'LOW-PEAK CLASS J T/D', 0, 'Bussmann'),
(1565, 'LPJ-3SP', 'LOW-PEAK CLASS J T/D', 0, 'Bussmann');
INSERT INTO `core_item` (`id`, `item_code`, `item_description`, `MOQ`, `brand`) VALUES
(1566, 'LPJ-4SP', 'LOW-PEAK CLASS J T/D', 0, 'Bussmann'),
(1567, 'LPJ-5SP', 'LOW-PEAK CLASS J T/D', 0, 'Bussmann'),
(1568, 'LPJ-6SP', 'LOW-PEAK CLASS J T/D', 0, 'Bussmann'),
(1569, 'LPJ-7SP', 'LOW-PEAK CLASS J T/D', 0, 'Bussmann'),
(1570, 'LPJ-8SP', 'LOW-PEAK CLASS J T/D', 0, 'Bussmann'),
(1571, 'LPJ-10SP', 'LOW-PEAK CLASS J T/D', 0, 'Bussmann'),
(1572, 'LPJ-12SP', 'LOW-PEAK CLASS J T/D', 0, 'Bussmann'),
(1573, 'LPJ-15SP', 'LOW-PEAK CLASS J T/D', 0, 'Bussmann'),
(1574, 'LPJ-20SP', 'LOW-PEAK CLASS J T/D', 0, 'Bussmann'),
(1575, 'LPJ-25SP', 'LOW-PEAK CLASS J T/D', 0, 'Bussmann'),
(1576, 'LPJ-30SP', 'LOW-PEAK CLASS J T/D', 0, 'Bussmann'),
(1577, 'LPJ-35SP', 'LOW-PEAK CLASS J T/D', 0, 'Bussmann'),
(1578, 'LPJ-40SP', 'LOW-PEAK CLASS J T/D', 0, 'Bussmann'),
(1579, 'LPJ-45SP', 'LOW-PEAK CLASS J T/D', 0, 'Bussmann'),
(1580, 'LPJ-50SP', 'LOW-PEAK CLASS J T/D', 0, 'Bussmann'),
(1581, 'LPJ-60SP', 'LOW-PEAK CLASS J T/D', 0, 'Bussmann'),
(1582, 'LPJ-70SP', 'LOW-PEAK CLASS J T/D', 0, 'Bussmann'),
(1583, 'LPJ-80SP', 'LOW-PEAK CLASS J T/D', 0, 'Bussmann'),
(1584, 'LPJ-90SP', 'LOW-PEAK CLASS J T/D', 0, 'Bussmann'),
(1585, 'LPJ-100SP', 'LOW-PEAK CLASS J T/D', 0, 'Bussmann'),
(1586, 'LPJ-110SP', 'LOW PEAK CLASS J T/D', 0, 'Bussmann'),
(1587, 'LPJ-125SP', 'LOW PEAK CLASS J T/D', 0, 'Bussmann'),
(1588, 'LPJ-150SP', 'LOW PEAK CLASS J T/D', 0, 'Bussmann'),
(1589, 'LPJ-175SP', 'LOW PEAK CLASS J T/D', 0, 'Bussmann'),
(1590, 'LPJ-15SPi', 'INDICATING LPJ-15SP', 0, 'Bussmann'),
(1591, 'LPJ-30SPI', 'LOW PEAK CLASS J T/D', 0, 'Bussmann'),
(1592, 'LPJ-70SPI', 'INDICATING LPJ-70SP', 0, 'Bussmann'),
(1593, 'LPJ-100SPI', 'INDICATING LPJ-100SP', 0, 'Bussmann'),
(1594, 'NON-1', 'BUSS ONE TIME FUSE', 0, 'Bussmann'),
(1595, 'NON-2', 'BUSS ONE TIME FUSE', 0, 'Bussmann'),
(1596, 'NON-3', 'BUSS ONE TIME FUSE', 0, 'Bussmann'),
(1597, 'NON-4', 'BUSS ONE TIME FUSE', 0, 'Bussmann'),
(1598, 'NON-5', 'BUSS ONE TIME FUSE', 0, 'Bussmann'),
(1599, 'NON-10', 'BUSS ONE TIME FUSE', 0, 'Bussmann'),
(1600, 'NON-15', 'BUSS ONE TIME FUSE', 0, 'Bussmann'),
(1601, 'NON-20', 'BUSS ONE TIME FUSE', 0, 'Bussmann'),
(1602, 'NON-30', 'BUSS ONE TIME FUSE', 0, 'Bussmann'),
(1603, 'NON-35', 'BUSS ONE TIME FUSE', 0, 'Bussmann'),
(1604, 'NON-40', 'BUSS ONE TIME FUSE', 0, 'Bussmann'),
(1605, 'NON-45', 'BUSS ONE TIME FUSE', 0, 'Bussmann'),
(1606, 'NON-50', 'BUSS ONE TIME FUSE', 0, 'Bussmann'),
(1607, 'NON-60', 'BUSS ONE TIME FUSE', 0, 'Bussmann'),
(1608, 'NON-80', 'BUSS ONE TIME FUSE', 0, 'Bussmann'),
(1609, 'NON-200', 'BUSS ONE TIME FUSE', 0, 'Bussmann'),
(1610, 'NON-250', 'BUSS ONE TIME FUSE', 0, 'Bussmann'),
(1611, 'NON-500', 'BUSS ONE TIME FUSE', 0, 'Bussmann'),
(1612, 'NOS-5', 'BUSS ONE TIME FUSE', 0, 'Bussmann'),
(1613, 'NOS-10', 'BUSS ONE TIME FUSE', 0, 'Bussmann'),
(1614, 'NOS-20', 'BUSS ONE TIME FUSE', 0, 'Bussmann'),
(1615, 'NOS-25', 'BUSS ONE TIME FUSE', 0, 'Bussmann'),
(1616, 'NOS-30', 'BUSS ONE TIME FUSE', 0, 'Bussmann'),
(1617, 'NOS-40', 'BUSS ONE TIME FUSE', 0, 'Bussmann'),
(1618, 'NOS-50', 'BUSS ONE TIME FUSE', 0, 'Bussmann'),
(1619, 'NOS-60', 'BUSS ONE TIME FUSE', 0, 'Bussmann'),
(1620, 'T60100-1C', 'CLASS T FUSEBLOCK', 0, 'Bussmann'),
(1621, 'T60100-3C', 'CLASS T FUSEBLOCK', 0, 'Bussmann'),
(1622, 'T60200-1C', 'CLASS T FUSEBLOCK', 0, 'Bussmann'),
(1623, 'T60400-1C', 'CLASS T FUSEBLOCK', 0, 'Bussmann'),
(1624, 'T60600-1C', 'CLASS T FUSEBLOCK', 0, 'Bussmann'),
(1625, 'T60030-1CR', 'BUSS CLASS T FUSEBLOCK', 0, 'Bussmann'),
(1626, 'T60030-3CR', 'BUSS FUSEBLOCK WAS 1B0074', 0, 'Bussmann'),
(1627, 'T60060-1CR', 'BUSS CLASS T FUSEBLOCK', 0, 'Bussmann'),
(1628, 'T60060-3CR', 'BUSS FUSEBLOCK WAS 1B0078 T60060-3CR-BN', 0, 'Bussmann'),
(1629, 'T60030-1SR', 'BUSS CLASS T FUSEBLOCK', 0, 'Bussmann'),
(1630, 'T60030-2SR', 'BUSS FUSEBLOCK CLASS T', 0, 'Bussmann'),
(1631, 'T60030-3SR', 'BUSS CLASS T FUSEBLOCK', 0, 'Bussmann'),
(1632, 'T60060-1SR', 'BUSS FUSEBLOCK CLASS T', 0, 'Bussmann'),
(1633, 'T60060-3SR', 'BUSS CLASS T FUSEBLOCK', 0, 'Bussmann'),
(1634, 'T30030-2SR', 'BUSS FUSEBLOCK CLASS T', 0, 'Bussmann'),
(1635, 'T30030-3SR', 'BUSS FUSEBLOCK CLASS T', 0, 'Bussmann'),
(1636, 'TCF6', '6A FUSE ASSY', 0, 'Bussmann'),
(1637, 'TCF10', '10A FUSE ASSY', 0, 'Bussmann'),
(1638, 'TCF15', 'CUBEFUSE 15 AMP', 0, 'Bussmann'),
(1639, 'TCF20', 'CUBEFUSE 20 AMP', 0, 'Bussmann'),
(1640, 'TCF25', 'CUBEFUSE 25 AMP', 0, 'Bussmann'),
(1641, 'TCF30', 'CUBEFUSE 30 AMP', 0, 'Bussmann'),
(1642, 'TCF35', 'CUBEFUSE 35 AMP', 0, 'Bussmann'),
(1643, 'TCF40', 'CUBEFUSE 40 AMP', 0, 'Bussmann'),
(1644, 'TCF45', 'CUBEFUSE 45 AMP', 0, 'Bussmann'),
(1645, 'TCF50', 'CUBEFUSE 50 AMP', 0, 'Bussmann'),
(1646, 'TCF60', 'CUBEFUSE 60 AMP', 0, 'Bussmann'),
(1647, 'TCF90', 'CUBEFUSE 90 AMP', 0, 'Bussmann'),
(1648, 'TCF100', 'CUBEFUSE 100 AMP', 0, 'Bussmann'),
(1649, 'TCF1RN', 'CUBEFUSE 1 AMP NON-INP', 0, 'Bussmann'),
(1650, 'TCF3RN', 'CUBEFUSE 3 AMP NON-INP', 0, 'Bussmann'),
(1651, 'TCF10RN', 'CUBEFUSE 10 AMP NON-INP', 0, 'Bussmann'),
(1652, 'TCF15RN', 'CUBEFUSE 15 AMP NON-INP', 0, 'Bussmann'),
(1653, 'TCF20RN', 'CUBEFUSE 20 AMP NON-INP', 0, 'Bussmann'),
(1654, 'TCF20RNW', 'Wind CUBEFuse 20A', 0, 'Bussmann'),
(1655, 'TCF30RNW', 'Wind CUBEFuse 30A', 0, 'Bussmann'),
(1656, 'DMM-44-100-R', 'FLUKE PRIVATE LABEL FUSE RoHS', 0, 'Bussmann'),
(1657, 'DMM-B-11A', 'DMM FUSE - BUSSMANN', 0, 'Bussmann'),
(1658, 'DMM-B-44-100', 'DMM FUSE - BUSSMANN', 0, 'Bussmann'),
(1659, 'FWA-1000A', 'SEMI-COND FUSE 1000A 150V AC', 0, 'Bussmann'),
(1660, 'FWA-5A10F', 'SEMI-COND FUSE 5A 150V AC', 0, 'Bussmann'),
(1661, 'FWA-10A10F', 'SEMI-COND FUSE 10A 150V AC', 0, 'Bussmann'),
(1662, 'FWA-15A10F', 'SEMI-COND FUSE 15A 150V AC', 0, 'Bussmann'),
(1663, 'FWA-20A10F', 'SEMI-COND FUSE 20A 150V AC', 0, 'Bussmann'),
(1664, 'FWA-25A10F', 'SEMI-COND FUSE 25A 150V AC', 0, 'Bussmann'),
(1665, 'FWA-30A10F', 'SEMI-COND FUSE 30A 150V  AC', 0, 'Bussmann'),
(1666, 'FWC-1A10F', '1AMP 700V AC FERRULE 10 X 38MM', 0, 'Bussmann'),
(1667, 'FWC-2A10F', '2AMP 700V AC FERRULE 10 X 38MM', 0, 'Bussmann'),
(1668, 'FWC-3A10F', '3AMP 700V AC FERRULE 10 X 38MM', 0, 'Bussmann'),
(1669, 'FWC-4A10F', '4AMP 700V AC FERRULE 10 X 38MM', 0, 'Bussmann'),
(1670, 'FWC-6A10F', '6AMP 600V AC FERRULE 10 X 38MM', 0, 'Bussmann'),
(1671, 'FWC-8A10F', '8Amp 600Vac FERRULE FUSE 10 X 38MM', 0, 'Bussmann'),
(1672, 'FWC-10A10F', '10AMP 600V AC FERRULE 10 X 38MM', 0, 'Bussmann'),
(1673, 'FWC-12A10F', '12AMP 600V AC FERRULE 10 X 38MM', 0, 'Bussmann'),
(1674, 'FWC-16A10F', '16AMP 600V AC FERRULE 10 X 38MM', 0, 'Bussmann'),
(1675, 'FWC-20A10F', '20AMP 600V AC FERRULE 10 X 38MM', 0, 'Bussmann'),
(1676, 'FWC-25A10F', '25AMP 600V AC FERRULE 10 X 38MM', 0, 'Bussmann'),
(1677, 'FWC-32A10F', '32AMP 600V AC FERRULE 10 X 38MM', 0, 'Bussmann'),
(1678, 'FWH-225A', 'BUSS HIGH SPEED FUSE', 0, 'Bussmann'),
(1679, 'FWH-250A', 'BUSS HIGH SPEED FUSE', 0, 'Bussmann'),
(1680, 'FWH-300A', 'BUSS HIGH SPEED FUSE', 0, 'Bussmann'),
(1681, 'FWH-325A', 'BUSS HIGH SPEED FUSE', 0, 'Bussmann'),
(1682, 'FWH-350A', 'BUSS HIGH SPEED FUSE', 0, 'Bussmann'),
(1683, 'FWH-400A', 'BUSS HIGH SPEED FUSE', 0, 'Bussmann'),
(1684, 'FWH-450A', 'BUSS HIGH SPEED FUSE', 0, 'Bussmann'),
(1685, 'FWH-500A', 'BUSS HIGH SPEED FUSE', 0, 'Bussmann'),
(1686, 'FWH-600A', 'BUSS HIGH SPEED FUSE', 0, 'Bussmann'),
(1687, 'FWH-700A', 'BUSS HIGH SPEED FUSE', 0, 'Bussmann'),
(1688, 'FWH-800A', 'BUSS HIGH SPEED FUSE', 0, 'Bussmann'),
(1689, 'FWH-900A', '500V 900A S/COND FUSE', 0, 'Bussmann'),
(1690, 'FWH-35B', '35A 500V AC TAG FUSE', 0, 'Bussmann'),
(1691, 'FWH-40B', '40A 500V AC TAG FUSE', 0, 'Bussmann'),
(1692, 'FWH-45B', '45A 500V AC TAG FUSE', 0, 'Bussmann'),
(1693, 'FWH-50B', '50A 500V AC TAG FUSE', 0, 'Bussmann'),
(1694, 'FWH-60B', '60A 500V AC TAG FUSE', 0, 'Bussmann'),
(1695, 'FWH-70B', '70A 500V AC TAG FUSE', 0, 'Bussmann'),
(1696, 'FWH-80B', '80A 500V AC TAG FUSE', 0, 'Bussmann'),
(1697, 'FWH-90B', '90A 500V AC TAG FUSE', 0, 'Bussmann'),
(1698, 'FWH-100B', 'SEMI-COND FUSE 100A 500V AC', 0, 'Bussmann'),
(1699, 'FWH-125B', '125A 500V AC TAG FUSE', 0, 'Bussmann'),
(1700, 'FWH-150B', '150A 500V AC TAG FUSE', 0, 'Bussmann'),
(1701, 'FWH-175B', '175A 500V AC TAG FUSE', 0, 'Bussmann'),
(1702, 'FWH-200B', '200A 500V AC TAG FUSE', 0, 'Bussmann'),
(1703, 'FWH-150A', '150A 500V AC TAG FUSE', 0, 'Bussmann'),
(1704, 'FWH-001A6F', 'SEMI COND FUSE 1.0A 500V AC 6 X 32MM', 0, 'Bussmann'),
(1705, 'FWH-002A6F', 'SEMI -COND FUSE 2A 500V AC 6 X 32MM', 0, 'Bussmann'),
(1706, 'FWH-004A6F', 'SEMI-COND FUSE 4AMP 500V AC', 0, 'Bussmann'),
(1707, 'FWH-005A6F', 'SEMI-COND FUSE 5.0A 500V AC', 0, 'Bussmann'),
(1708, 'FWH-007A6F', 'SEMI-COND FUSE 7.0A 500V AC', 0, 'Bussmann'),
(1709, 'FWH5-010A6F', 'BUSS, HIGH SPEED FUSE RoHS', 0, 'Bussmann'),
(1710, 'FWH5-015A6F', 'BUSS, SEMICONDUCTOR, 500V', 0, 'Bussmann'),
(1711, 'FWH5-016A6F', '\"BUSS, SEMICONDUCTOR, 500V\"', 0, 'Bussmann'),
(1712, 'FWH-025A6F', '\"BUSS SEMICONDUCTOR, 500V\"', 0, 'Bussmann'),
(1713, 'FWH-030A6F', '\"BUSS, SEMICONDUCTOR, 500V\"', 0, 'Bussmann'),
(1714, 'FWH--250A6F', 'SEMI COND FUSE 0.25A 500V AC 6 X 32MM', 0, 'Bussmann'),
(1715, 'FWH--500A6F', 'SEMI COND FUSE 0.50A 500V AC 6 X 32MM', 0, 'Bussmann'),
(1716, 'FWH5-12-5A6F', 'BUSS, SEMICONDUCTOR, 500V', 0, 'Bussmann'),
(1717, 'FWH-3-15A6F', '3.15Amp 500V SEMI-COND FUSE', 0, 'Bussmann'),
(1718, 'FWH-2A14F', '500V 2AMP S/COND FERRULE 14.3 X 50.8MM', 0, 'Bussmann'),
(1719, 'FWH-4A14F', '500V 4AMP S/COND FERRULE 14.3 X 50.8MM', 0, 'Bussmann'),
(1720, 'FWH-5A14F', '500V 5Amp S/COND FERRULE 14.3 X 50.8MM', 0, 'Bussmann'),
(1721, 'FWH-6A14F', '500V 6AMP S/COND FERRULE 14.3 X 50.8MM', 0, 'Bussmann'),
(1722, 'FWH-10A14F', 'SEMI-COND FUSE 10A 500V 14 X 51MM', 0, 'Bussmann'),
(1723, 'FWH-12A14F', '500V 12Amp S/COND FERRULE 14.3 X 50.8MM', 0, 'Bussmann'),
(1724, 'FWH-15A14F', '500V 15AMP S/COND FERRULE 14.3 X 50.8MM', 0, 'Bussmann'),
(1725, 'FWH-20A14F', '20AMP 500V AC FERRULE 6.4 X 31.8MM', 0, 'Bussmann'),
(1726, 'FWH-30A14F', '30AMP 500V AC FERRULE 14x51mm', 0, 'Bussmann'),
(1727, 'FWH-25A14F', '500V 25Amp S/COND FERRULE 14 X 51MM', 0, 'Bussmann'),
(1728, 'FWH5-020A6F', 'BUSS, SEMICONDUCTOR, 500V', 0, 'Bussmann'),
(1729, 'FWH-6-30A6F', '6.3AMP 500V SEMI-COND FUSE', 0, 'Bussmann'),
(1730, 'FWJ-50A', '50AMP 1000V AC SEMI-COND FUSE', 0, 'Bussmann'),
(1731, 'FWJ-60A', '60AMP 1000V AC SEMI-COND FUSE', 0, 'Bussmann'),
(1732, 'FWJ-70A', '70AMP 1000V AC SEMI-COND FUSE', 0, 'Bussmann'),
(1733, 'FWJ-100A', '100AMP 1000V AC SEMI-COND FUSE', 0, 'Bussmann'),
(1734, 'FWJ-125A', '125AMP 1000V AC SEMI-COND', 0, 'Bussmann'),
(1735, 'FWJ-150A', '150AMP 1000V AC SEMI-COND FUSE', 0, 'Bussmann'),
(1736, 'FWJ-200A', '200AMP 1000V AC SEMI-COND FUSE', 0, 'Bussmann'),
(1737, 'FWJ-250A', '250AMP 1000V AC SEMI-COND FUSE', 0, 'Bussmann'),
(1738, 'FWJ-300A', '300AMP 1000V AC SEMI-COND FUSE', 0, 'Bussmann'),
(1739, 'FWJ-400A', '400AMP 1000V AC SEMI-COND FUSE', 0, 'Bussmann'),
(1740, 'FWL-20A20F', 'TRACTION FUSE 20Amp 1200V AC', 0, 'Bussmann'),
(1741, 'FWP-125A', 'BUSS HIGH SPEED FUSE', 0, 'Bussmann'),
(1742, 'FWP-150A', 'BUSS HIGH SPEED FUSE', 0, 'Bussmann'),
(1743, 'FWP-175A', 'BUSS HIGH SPEED FUSE', 0, 'Bussmann'),
(1744, 'FWP-200A', 'BUSS HIGH SPEED FUSE', 0, 'Bussmann'),
(1745, 'FWP-250A', 'BUSS HIGH SPEED FUSE', 0, 'Bussmann'),
(1746, 'FWP-300A', 'BUSS HIGH SPEED FUSE', 0, 'Bussmann'),
(1747, 'FWP-350A', 'BUSS HIGH SPEED FUSE', 0, 'Bussmann'),
(1748, 'FWP-400A', 'BUSS HIGH SPEED FUSE', 0, 'Bussmann'),
(1749, 'FWP-450A', 'BUSS HIGH SPEED FUSE', 0, 'Bussmann'),
(1750, 'FWP-500A', 'BUSS HIGH SPEED FUSE', 0, 'Bussmann'),
(1751, 'FWP-600A', 'BUSS HIGH SPEED FUSE', 0, 'Bussmann'),
(1752, 'FWP-5B', '5AMP 700V AC SEMI-COND FUSE', 0, 'Bussmann'),
(1753, 'FWP-10B', '10AMP 700V AC SEM-COND FUSE', 0, 'Bussmann'),
(1754, 'FWP-15B', '15AMP 700V AC SEMI-COND FUSE', 0, 'Bussmann'),
(1755, 'FWP-20B', '20AMP 700V AC SEMI-COND', 0, 'Bussmann'),
(1756, 'FWP-25B', '25AMP 700V AC SEMI-COND FUSE', 0, 'Bussmann'),
(1757, 'FWP-30B', '30AMP 700V AC SEMI-CONDUCTOR FUSE', 0, 'Bussmann'),
(1758, 'FWP-35B', '35AMP 700V AC SEMI-COND FUSE', 0, 'Bussmann'),
(1759, 'FWP-40B', '40AMP 700V AC SEMI-COND', 0, 'Bussmann'),
(1760, 'FWP-50B', '50AMP 700V AC SEMI-COND', 0, 'Bussmann'),
(1761, 'FWP-60B', '60AMP 700V AC SEMI-COND FUSE', 0, 'Bussmann'),
(1762, 'FWP-70B', '70AMP 700V AC SEMI-COND FUSE', 0, 'Bussmann'),
(1763, 'FWP-80B', '80AMP 700V AC SEMI-COND FUSE', 0, 'Bussmann'),
(1764, 'FWP-1A14F', '700V 1AMP S/COND FERRULE 14 X 51 MM', 0, 'Bussmann'),
(1765, 'FWP-2A14F', '700V 2AMP S/COND FERRULE 14.3 X 50.8MM', 0, 'Bussmann'),
(1766, 'FWP-3A14F', '700V 3AMP S/COND FERRULE 14 X 50 MM', 0, 'Bussmann'),
(1767, 'FWP-4A14F', '700V 4AMP S/COND FERRULE 14 X 50 MM', 0, 'Bussmann'),
(1768, 'FWP-5A14F', '5AMP 700V ac 14 X 51MM FERRULE', 0, 'Bussmann'),
(1769, 'FWP-6A14F', '6A 700V AC FERRULE FUSE 14 X 51 MM', 0, 'Bussmann'),
(1770, 'FWP-10A14F', '10AMP 700V AC FERRULE 14.3 X 50.8MM', 0, 'Bussmann'),
(1771, 'FWP-15A14F', '15AMP 700V AC FERRULE 14.3 X 50.8MM', 0, 'Bussmann'),
(1772, 'FWP-20A14F', '20AMP 700V AC FERRULE 14 X 51 MM', 0, 'Bussmann'),
(1773, 'FWP-25A14F', '25AMP 700V AC FERRULE 14.3 X 50.8MM', 0, 'Bussmann'),
(1774, 'FWP-30A14F', '30AMP 700V AC FERRULE 14 X 51 MM', 0, 'Bussmann'),
(1775, 'FWP-32A14F', '32AMP 700V AC FERRULE 14 X 51 MM', 0, 'Bussmann'),
(1776, 'FWP-40A14F', '40AMP 700V AC FERRULE 14 X 51 MM', 0, 'Bussmann'),
(1777, 'FWP-50A14F', '50AMP 700V AC FERRULE 14 X 51 MM', 0, 'Bussmann'),
(1778, 'FWP-10A14FI', '10A 690V 14X51 INDICATED 14.3 X 50.8MM', 0, 'Bussmann'),
(1779, 'FWP-15A14FI', '15A 690V 14X51 INDICATED 14.3 X 50.8MM', 0, 'Bussmann'),
(1780, 'FWP-20A14FI', '20A 690V 14X51 INDICATED 14.3 X 50.8MM', 0, 'Bussmann'),
(1781, 'FWP-25A14FI', '25A 690V 14X51 INDICATED 14.3 X 50.8MM', 0, 'Bussmann'),
(1782, 'FWP-30A14FI', '30A 690V 14X51 INDICATED 14.3 X 50.8MM', 0, 'Bussmann'),
(1783, 'FWP-32A14FI', '32A 690V 14X51 INDICATED 14.3 X 50.8MM', 0, 'Bussmann'),
(1784, 'FWP-40A14FI', '40A 690V 14X51 INDICATED 14.3 X 50.8MM', 0, 'Bussmann'),
(1785, 'FWP-50A14FI', '50A 690V 14X51 INDICATED 14.3 X 50.8MM', 0, 'Bussmann'),
(1786, 'FWP-20A22F', '20AMP 700V ac 22 X 58MM FERRULE', 0, 'Bussmann'),
(1787, 'FWP-25A22F', '25AMP 700V ac 22 X 58MM FERRULE', 0, 'Bussmann'),
(1788, 'FWP-32A22F', '32AMP 700V AC FERRULE 22 X 58 MM', 0, 'Bussmann'),
(1789, 'FWP-40A22F', '40AMP 700V ac 22 X 58MM FERRULE', 0, 'Bussmann'),
(1790, 'FWP-50A22F', '50AMP 700V ac 22 X 58MM FERRULE', 0, 'Bussmann'),
(1791, 'FWP-63A22F', '63AMP 700V ac 22 X 58MM FERRULE', 0, 'Bussmann'),
(1792, 'FWP-80A22F', '80AMP 700V ac 22 X 58MM FERRULE', 0, 'Bussmann'),
(1793, 'FWP-100A22F', '100AMP 700V ac 22 X 58MM FERRULE', 0, 'Bussmann'),
(1794, 'FWP-25A22FI', '25A 690V 22X58 INDICATED 14 X 58MM', 0, 'Bussmann'),
(1795, 'FWP-32A22FI', '32A 690V 22X58 INDICATED 22 X 58MM', 0, 'Bussmann'),
(1796, 'FWP-40A22FI', '40A 690V 22X58 INDICATED 22 X 58MM', 0, 'Bussmann'),
(1797, 'FWP-50A22FI', '50A 690V 22X58 INDICATED 22 X 58MM', 0, 'Bussmann'),
(1798, 'FWP-63A22FI', '63A 690V 22X58 INDICATED 22 X 58MM', 0, 'Bussmann'),
(1799, 'FWP-80A22FI', '80A 690V 22X58 INDICATED 22 X 58MM', 0, 'Bussmann'),
(1800, 'FWP-100A22FI', '100A 600V 22X58 INDICATED 22 X 58MM', 0, 'Bussmann'),
(1801, 'FWP-5AS14FI', '5A 690V 14X51 INDICATED 14.3 X 50.8MM', 0, 'Bussmann'),
(1802, 'FWS-2A20F', '2A 2000V AC TRACTION FUSE', 0, 'Bussmann'),
(1803, 'FWS-6A20F', '6A 2000V AC TRACTION FUSE DCR 2900', 0, 'Bussmann'),
(1804, 'FWS-10A20F', '10A 1400V AC SEMI-COND FUSE', 0, 'Bussmann'),
(1805, 'FWS-15A20F', '15A 1400V AC TRACTION FUSE', 0, 'Bussmann'),
(1806, 'FWS-6A20FI', '6A 2100V TRACTION FUSE WITH INDICATOR', 0, 'Bussmann'),
(1807, 'FWS-10A20FI', '10A 1400V TRACTION FUSE WITH INDICATOR', 0, 'Bussmann'),
(1808, 'FWX-35A', 'BUSS HIGH SPEED FUSE', 0, 'Bussmann'),
(1809, 'FWX-40A', 'BUSS HIGH SPEED FUSE', 0, 'Bussmann'),
(1810, 'FWX-45A', 'BUSS SEMI CONDUCTOR FUSE', 0, 'Bussmann'),
(1811, 'FWX-50A', 'BUSS HIGH SPEED FUSE', 0, 'Bussmann'),
(1812, 'FWX-70A', 'BUSS HIGH SPEED FUSE', 0, 'Bussmann'),
(1813, 'FWX-100A', 'BUSS HIGH SPEED FUSE', 0, 'Bussmann'),
(1814, 'FWX-125A', 'BUSS HIGH SPEED FUSE', 0, 'Bussmann'),
(1815, 'FWX-150A', 'BUSS HIGH SPEED FUSE', 0, 'Bussmann'),
(1816, 'FWX-175A', 'BUSS HIGH SPEED FUSE', 0, 'Bussmann'),
(1817, 'FWX-200A', 'BUSS HIGH SPEED FUSE', 0, 'Bussmann'),
(1818, 'FWX-300A', 'BUSS HIGH SPEED FUSE', 0, 'Bussmann'),
(1819, 'FWX-350A', 'BUSS HIGH SPEED FUSE', 0, 'Bussmann'),
(1820, 'FWX-400A', 'BUSS HIGH SPEED FUSE', 0, 'Bussmann'),
(1821, 'FWX-500A', 'BUSS HIGH SPEED FUSE', 0, 'Bussmann'),
(1822, 'FWX-600A', 'BUSS HIGH SPEED FUSE', 0, 'Bussmann'),
(1823, 'FWX-700A', 'BUSS HIGH SPEED FUSE', 0, 'Bussmann'),
(1824, 'FWX-800A', 'BUSS HIGH SPEED FUSE', 0, 'Bussmann'),
(1825, 'FWX-5A14F', '250V 5AMP S/COND FERRULE 14.3 X 50.8MM', 0, 'Bussmann'),
(1826, 'FWX-10A14F', '250V 10AMP S/COND FERRULE 14.3 X 50.8MM', 0, 'Bussmann'),
(1827, 'FWX-12A14F', '250V 12AMP S/COND FERRULE 14.3 X 50.8MM', 0, 'Bussmann'),
(1828, 'FWX-15A14F', '250V 15AMP S/COND FERRULE 14.3 X 50.8MM', 0, 'Bussmann'),
(1829, 'FWX-20A14F', '20AMP 250V AC FERRULE 14.3 X 50.8MM', 0, 'Bussmann'),
(1830, 'FWX-25A14F', '25AMP 250V AC FERRULE 14.3 X 50.8MM', 0, 'Bussmann'),
(1831, 'FWX-30A14F', '30AMP 250V AC FERRULE 14.3 X 50.8MM', 0, 'Bussmann'),
(1832, 'FWX-50A14F', '250V 50AMP S/COND FERRULE 14.3 X 50.8MM', 0, 'Bussmann'),
(1833, '63NHM1B-690', 'NH FUSE 63AMP 690V aM SIZE1', 3, 'Bussmann'),
(1834, '125NHM1B-690', 'NH FUSE 125AMP 690V aM SIZE 1', 3, 'Bussmann'),
(1835, '160NHM1B-690', 'NH FUSE 160AMP 690V aM SIZE1', 3, 'Bussmann'),
(1836, '125NHM2B-690', 'NH FUSE 125AMP 690V aM SIZE 2', 3, 'Bussmann'),
(1837, '160NHM2B-690', 'NH FUSE 160AMP 690V AM SIZE 2 DUAL IND', 3, 'Bussmann'),
(1838, '200NHM2B-690', 'NH FUSE 200A 690V aM SIZE 2', 3, 'Bussmann'),
(1839, '250NHM2B-690', 'NH FUSE 250A 690V aM SIZE 2', 3, 'Bussmann'),
(1840, '315NHM2B-690', 'NH FUSE 315A 690V aM SIZE 2', 3, 'Bussmann'),
(1841, '355NHM2B-690', 'NH FUSE 355A 690V aM SIZE 2', 3, 'Bussmann'),
(1842, '315NHM3B-690', 'NH FUSE315A 690V aM SIZE 3', 3, 'Bussmann'),
(1843, '355NHM3B-690', 'NH FUSE 355A 690V aM SIZE 3', 3, 'Bussmann'),
(1844, '400NHM3B-690', 'NH FUSE 400A 690V AM SIZE 3', 3, 'Bussmann'),
(1845, '500NHM3B-690', 'NH FUSE 500A 690V AM SIZE 3', 3, 'Bussmann'),
(1846, '50NHG00B-690', 'NH FUSE 50AMP 690V gG SIZE 00', 3, 'Bussmann'),
(1847, '63NHG00B-690', 'NH FUSE 63AMP 690V gG SIZE 00', 3, 'Bussmann'),
(1848, '80NHG00B-690', 'NH FUSE 80AMP 690V gG SIZE 00 DUAL IND', 3, 'Bussmann'),
(1849, '2NHG000B-690', 'NH FUSE 2AMP 690V GG SIZE 000', 3, 'Bussmann'),
(1850, '4NHG000B-690', 'NH FUSE 4AMP 690V gG SIZE 000', 3, 'Bussmann'),
(1851, '6NHG000B-690', 'NH FUSE 6AMP 690V gG SIZE 000', 3, 'Bussmann'),
(1852, '10NHG000B-690', 'NH FUSE 10AMP 690V gG SIZE 000', 3, 'Bussmann'),
(1853, '16NHG000B-690', 'NH FUSE 16AMP 690V gG SIZE 000', 3, 'Bussmann'),
(1854, '20NHG000B-690', 'NH FUSE 20AMP 690V gG SIZE 000', 3, 'Bussmann'),
(1855, '25NHG000B-690', 'NH FUSE 25AMP 690V GG SIZE 000', 3, 'Bussmann'),
(1856, '32NHG000B-690', 'NH FUSE 32A 690V GG/GL SIZE 000', 3, 'Bussmann'),
(1857, '35NHG000B-690', 'NH FUSE 35A 690V gG SIZE 000', 3, 'Bussmann'),
(1858, '40NHG000B-690', 'NH FUSE 40A 690V gG SIZE 000', 3, 'Bussmann'),
(1859, '50NHG000B-690', 'NH FUSE 50A 690V gG SIZE 000', 3, 'Bussmann'),
(1860, '63NHG000B-690', 'NH FUSE 63A 690V gG SIZE 000', 3, 'Bussmann'),
(1861, '100NHG00B-690', 'NH FUSE 100AMP 690V gG SIZE 00', 3, 'Bussmann'),
(1862, '125NHG00B-690', 'NH FUSE 125AMP 690V gG SIZE 00', 3, 'Bussmann'),
(1863, '50NHG1B-690', 'NH FUSE 50AMP 690V gG SIZE 1', 3, 'Bussmann'),
(1864, '63NHG1B-690', 'NH FUSE 63AMP 690V gG SIZE 1', 3, 'Bussmann'),
(1865, '80NHG1B-690', 'NH FUSE 80A 690V gG SIZE 1', 3, 'Bussmann'),
(1866, '100NHG1B-690', 'NH FUSE 100AMP 690V gG SIZE 1', 3, 'Bussmann'),
(1867, '125NHG1B-690', 'NH FUSE 125AMP 690V gG SIZE 1', 3, 'Bussmann'),
(1868, '160NHG1B-690', 'NH FUSE 160AMP 690V gG SIZE 1', 3, 'Bussmann'),
(1869, '224NHG1B-690', 'NH FUSE 224AMP 690V gG SIZE 1 DUAL IND', 3, 'Bussmann'),
(1870, '250NHG1B-690', 'NH FUSE 250A 690V gG SIZE 1', 3, 'Bussmann'),
(1871, '200NHG2B-690', 'NH FUSE 200AMP 690V gG SIZE 2', 3, 'Bussmann'),
(1872, '315NHG2B-690', 'NH FUSE 315A 690V gG SIZE 2', 3, 'Bussmann'),
(1873, '250NHG3B-690', 'NH FUSE 250A 690V gG SIZE 3', 3, 'Bussmann'),
(1874, '315NHG3B-690', 'NH FUSE 315A 690V gG SIZE 3', 3, 'Bussmann'),
(1875, '355NHG3B-690', 'NH FUSE 355AMP 690V gG SIZE 3', 3, 'Bussmann'),
(1876, '400NHG3B-690', 'NH FUSE 400A 690V gG SIZE 3', 3, 'Bussmann'),
(1877, '425NHG3B-690', 'NH FUSE 425A 690V gG SIZE 3', 3, 'Bussmann'),
(1878, '500NHG3B-690', 'NH FUSE 500A 690V gG SIZE 3', 3, 'Bussmann'),
(1879, '630NHG4B-690', 'BUSSMANN 630A 690V NH4 GG', 1, 'Bussmann'),
(1880, '800NHG4B-690', 'NH FUSE 800A 690V GG/GL SIZE 4', 1, 'Bussmann'),
(1881, '63NHG000BI-690', 'NH FUSE 63Amp 690V AC gG SIZE 000', 3, 'Bussmann'),
(1882, '32NHG000BI-690', 'NH FUSE 32A 690V GG/GL SIZE 000', 3, 'Bussmann'),
(1883, '170H3004', 'BASE CA 80 1250A 1000V UR 43653', 1, 'Bussmann'),
(1884, '170H3005', 'BASE CA 110 630A 1400V UR 43653', 1, 'Bussmann'),
(1885, '170H3006', 'BASE CA110 1250A 1400V UR 43653', 1, 'Bussmann'),
(1886, 'C10NL', 'SOLID NEUTRAL LINK', 10, 'Bussmann'),
(1887, 'C14NL', 'SOLID NEUTRAL LINK', 10, 'Bussmann'),
(1888, 'CH221DU', '1P 22x58  Fuse Holder', 6, 'Bussmann'),
(1889, 'CH222DU', '2P 22x58  Fuse Holder', 3, 'Bussmann'),
(1890, 'CH223DU', '3P 22x58  Fuse Holder', 2, 'Bussmann'),
(1891, 'CH222DIU', '2P 22x58  Neon Indicator Fuse Holder', 3, 'Bussmann'),
(1892, 'CH223DIU', '3P 22x58  Neon Indicator Fuse Holder', 2, 'Bussmann'),
(1893, 'CH224DIU', '4P 22x58  Neon Indicator Fuse Holder', 1, 'Bussmann'),
(1894, 'CHCC1DU', '1Pole 30A 600V MFH For 10X38 Class CC', 12, 'Bussmann'),
(1895, 'CHCC2DU', '2Pole 30A 600V MFH For 10X38 Class CC', 6, 'Bussmann'),
(1896, 'CHCC3DU', '3Pole 30A 600V MFH For 10X38 Class CC', 4, 'Bussmann'),
(1897, 'CHCC1DIU', '1P 10X38MFH30A 600V Class CC -indicator', 12, 'Bussmann'),
(1898, 'CHCC2DIU', '2P 10X38MFH 30A 600V Class CC-indicator', 6, 'Bussmann'),
(1899, 'CHCC3DIU', '3P 10X38 MFH 30A 600V Class CC-indicator', 4, 'Bussmann'),
(1900, 'CHM1DU', 'FUSE HOLDER 10 3X38 1P ', 12, 'Bussmann'),
(1901, 'CHM2DU', '2Pole 30A 600V MFH For 10X38 Midget fuse', 6, 'Bussmann'),
(1902, 'CHM3DU', '3Pole 30A 600V MFH For 10X38 Midget fuse', 4, 'Bussmann'),
(1903, 'CHM1DIU', '1P 10X38MFH30A 600VMidget -indicator/Neu', 12, 'Bussmann'),
(1904, 'CHM2DIU', '2P 10X38MFH30A 600V Midget - indicator', 6, 'Bussmann'),
(1905, 'CHM3DIU', '3P 10X38MFH30A 600V Midget - indicator', 4, 'Bussmann'),
(1906, 'CHM4DIU', '4P 10X38MFH30A 600V Midget withindicator', 3, 'Bussmann'),
(1907, 'CH141DU', '1P 14x51  Fuse Holder', 6, 'Bussmann'),
(1908, 'CH142DU', '2P 14x51  Fuse Holder', 3, 'Bussmann'),
(1909, 'CH143DU', '3P 14x51  Fuse Holder', 2, 'Bussmann'),
(1910, 'CH141DIU', '1P 14x51  Neon Indicator Fuse Holder', 6, 'Bussmann'),
(1911, 'CH143DIU', '3P 14x51  Neon Indicator Fuse Holder', 2, 'Bussmann'),
(1912, 'CH14-SPS', 'AUXILIARY SWITCH TO WORK ON CH141D', 1, 'Bussmann'),
(1913, 'CH127-1', 'FUSEHOLDER FOR 22MM X 127MM 1 POLE', 4, 'Bussmann'),
(1914, 'CH127-2', 'FUSEHOLDER FOR 22MM X 127MM 2 POLE', 2, 'Bussmann'),
(1915, 'CH127-3', 'FUSEHOLDER FOR 22MM X 127MM 3 POLE', 1, 'Bussmann'),
(1916, 'FEH', 'FUSE EXTRACTION HANDLE DCR 3937', 3, 'Bussmann'),
(1917, 'TD00-D', 'Triple Pole Base NH00', 1, 'Bussmann'),
(1918, 'TD1-D', 'NH1 Triple Pole base CE', 1, 'Bussmann'),
(1919, 'TD2-D', 'NH2 Triple Pole base CE', 1, 'Bussmann'),
(1920, 'TD3-D', 'NH3 Triple Pole Base CE', 1, 'Bussmann'),
(1921, 'TD00-IP20', 'NH00 IP20 Triple Pole Protection kit', 1, 'Bussmann'),
(1922, 'TD00-IP20IC', 'NH00 IP20 Integral 3 Pole Protection', 1, 'Bussmann'),
(1923, 'TD1-IP20', 'NH1 IP20 Triple Pole Protection kit', 1, 'Bussmann'),
(1924, 'TD2-IP20', 'NH2 IP20 Triple Pole Protection kit', 1, 'Bussmann'),
(1925, 'TD3-IP20', 'NH3 IP20 Triple Pole Protection kit', 1, 'Bussmann'),
(1926, 'SD00-D', 'NH00 SINGLE POLE SILVER 1/4 SCREW', 1, 'Bussmann'),
(1927, 'SD00-PB', 'Size 00 Phase barrier kit', 3, 'Bussmann'),
(1928, 'SD00-S', 'NH00 SINGLE POLE SILVER', 2, 'Bussmann'),
(1929, 'CM30CF', 'CMSTR ADAPTABLE TO FB/BB 30A 660V', 3, 'Bussmann'),
(1930, 'CM32FW', '32A 660V WHT F/HOLD(10)1.8KG', 10, 'Bussmann'),
(1931, 'CM32FC', '32A 660V COMP F/HOLD(10)1.3KG', 10, 'Bussmann'),
(1932, 'CM63F', '63A 660V CMSTR F/HOLD(10)2.2KG', 10, 'Bussmann'),
(1933, 'TCFH30N', 'CUBEFUSE HOLDER 30 AMP', 10, 'Bussmann'),
(1934, 'TCFH60N', 'CUBEFUSE HOLDER 60 AMP', 12, 'Bussmann'),
(1935, 'TCFH100N', 'CUBFUSE 100 AMP HOLDER HIGH PROFILE', 12, 'Bussmann'),
(1936, '', '', 6, ''),
(1937, 'FA32-BI', '', 0, 'Bussmann'),
(1938, 'FB32-BI', '', 0, 'Bussmann'),
(1939, 'FD32-BI', '', 0, 'Bussmann'),
(1940, 'HA32-BI', '', 0, 'Bussmann'),
(1941, 'HD32-BI', '', 0, 'Bussmann'),
(1942, 'KA63-BI', '', 0, 'Bussmann'),
(1943, 'KD63-BI', '', 0, 'Bussmann'),
(1944, 'LA125-BI', '', 0, 'Bussmann'),
(1945, 'LD125-BI', '', 0, 'Bussmann'),
(1946, '32NNSF-BI', '', 0, 'Bussmann'),
(1947, '63ENSF-BT', '', 0, 'Bussmann'),
(1948, 'SB00-PB-BT', '', 0, 'Bussmann'),
(1949, 'IPB00-BT', '', 0, 'Bussmann'),
(1950, 'TC00-BT', '', 0, 'Bussmann'),
(1951, 'TS00-BT', '', 0, 'Bussmann'),
(1952, 'SD1-S-BT', '', 0, 'Bussmann'),
(1953, 'SD2-S-BT', '', 0, 'Bussmann'),
(1954, 'SD3-S-BT', '', 0, 'Bussmann'),
(1955, 'SD4-S-BT', '', 0, 'Bussmann'),
(1956, 'SSD2-BI', '', 0, 'Bussmann'),
(1957, 'SSD4-BI', '', 0, 'Bussmann'),
(1958, 'SSD6-BI', '', 0, 'Bussmann'),
(1959, 'SSD10-BI', '', 0, 'Bussmann'),
(1960, 'SSD16-BI', '', 0, 'Bussmann'),
(1961, 'SSD20-BI', '', 0, 'Bussmann'),
(1962, 'SSD25-BI', '', 0, 'Bussmann'),
(1963, 'SSD32-BI', '', 0, 'Bussmann'),
(1964, 'NSD2-BI', '', 0, 'Bussmann'),
(1965, 'NSD4-BI', '', 0, 'Bussmann'),
(1966, 'NSD6-BI', '', 0, 'Bussmann'),
(1967, 'NSD10-BI', '', 0, 'Bussmann'),
(1968, 'NSD16-BI', '', 0, 'Bussmann'),
(1969, 'NSD20-BI', '', 0, 'Bussmann'),
(1970, 'NSD25-BI', '', 0, 'Bussmann'),
(1971, 'NSD32-BI', '', 0, 'Bussmann'),
(1972, 'ESD2-BI', '', 0, 'Bussmann'),
(1973, 'ESD4-BI', '', 0, 'Bussmann'),
(1974, 'ESD6-BI', '', 0, 'Bussmann'),
(1975, 'ESD10-BI', '', 0, 'Bussmann'),
(1976, 'ESD16-BI', '', 0, 'Bussmann'),
(1977, 'ESD20-BI', '', 0, 'Bussmann'),
(1978, 'ESD25-BI', '', 0, 'Bussmann'),
(1979, 'ESD32-BI', '', 0, 'Bussmann'),
(1980, 'ESD40-BI', '', 0, 'Bussmann'),
(1981, 'ESD50-BI', '', 0, 'Bussmann'),
(1982, 'ESD63-BI', '', 0, 'Bussmann'),
(1983, '2HO7-660-BI', '', 0, 'Bussmann'),
(1984, '4HO7-660-BI', '', 0, 'Bussmann'),
(1985, '6HO7-660-BI', '', 0, 'Bussmann'),
(1986, '10HO7-660-BI', '', 0, 'Bussmann'),
(1987, '16HO7-660-BI', '', 0, 'Bussmann'),
(1988, '20HO7-660-BI', '', 0, 'Bussmann'),
(1989, '25HO7-660-BI', '', 0, 'Bussmann'),
(1990, '32HO7-660-BI', '', 0, 'Bussmann'),
(1991, '35KO7-660-BI', '', 0, 'Bussmann'),
(1992, '40KO7-660-BI', '', 0, 'Bussmann'),
(1993, '50KO7-660-BI', '', 0, 'Bussmann'),
(1994, '63KO7-660-BI', '', 0, 'Bussmann'),
(1995, '80L14-660-BI', '', 0, 'Bussmann'),
(1996, '100L14-660-BI', '', 0, 'Bussmann'),
(1997, '125M14-660-BI', '', 0, 'Bussmann'),
(1998, '160M14-660-BI', '', 0, 'Bussmann'),
(1999, '200M14-660-BI', '', 0, 'Bussmann'),
(2000, '80LO9-660-BI', '', 0, 'Bussmann'),
(2001, '100LO9-660-BI', '', 0, 'Bussmann'),
(2002, '125MO9-660-BI', '', 0, 'Bussmann'),
(2003, '160MO9-660-BI', '', 0, 'Bussmann'),
(2004, '200MO9-660-BI', '', 0, 'Bussmann'),
(2005, '250NO9-660-BI', '', 0, 'Bussmann'),
(2006, '315NO9-660-BI', '', 0, 'Bussmann'),
(2007, '355P11-660-BI', '', 0, 'Bussmann'),
(2008, '400P11-660-BI', '', 0, 'Bussmann'),
(2009, '450R11-660-BI', '', 0, 'Bussmann'),
(2010, '500R11-660-BI', '', 0, 'Bussmann'),
(2011, '560R11-660-BI', '', 0, 'Bussmann'),
(2012, '630R11-660-BI', '', 0, 'Bussmann'),
(2013, 'NITD2-BI', '', 0, 'Bussmann'),
(2014, 'NITD4-BI', '', 0, 'Bussmann'),
(2015, 'NITD6-BI', '', 0, 'Bussmann'),
(2016, 'NITD10-BI', '', 0, 'Bussmann'),
(2017, 'NITD16-BI', '', 0, 'Bussmann'),
(2018, 'NITD20-BI', '', 0, 'Bussmann'),
(2019, 'NITD25-BI', '', 0, 'Bussmann'),
(2020, 'NITD32-BI', '', 0, 'Bussmann'),
(2021, 'AAO2-BI', '', 0, 'Bussmann'),
(2022, 'AAO4-BI', '', 0, 'Bussmann'),
(2023, 'AAO6-BI', '', 0, 'Bussmann'),
(2024, 'AAO10-BI', '', 0, 'Bussmann'),
(2025, 'AAO16-BI', '', 0, 'Bussmann'),
(2026, 'AAO20-BI', '', 0, 'Bussmann'),
(2027, 'AAO25-BI', '', 0, 'Bussmann'),
(2028, 'AAO32-BI', '', 0, 'Bussmann'),
(2029, 'BAO35-BI', '', 0, 'Bussmann'),
(2030, 'BAO40-BI', '', 0, 'Bussmann'),
(2031, 'BAO50-BI', '', 0, 'Bussmann'),
(2032, 'BAO63-BI', '', 0, 'Bussmann'),
(2033, 'OSD80-BI', '', 0, 'Bussmann'),
(2034, 'OSD100-BI', '', 0, 'Bussmann'),
(2035, 'EITD2-BI', '', 0, 'Bussmann'),
(2036, 'EITD4-BI', '', 0, 'Bussmann'),
(2037, 'EITD6-BI', '', 0, 'Bussmann'),
(2038, 'EITD10-BI', '', 0, 'Bussmann'),
(2039, 'EITD16-BI', '', 0, 'Bussmann'),
(2040, 'EITD20-BI', '', 0, 'Bussmann'),
(2041, 'EITD25-BI', '', 0, 'Bussmann'),
(2042, 'EITD32-BI', '', 0, 'Bussmann'),
(2043, 'EITD40-BI', '', 0, 'Bussmann'),
(2044, 'EITD50-BI', '', 0, 'Bussmann'),
(2045, 'EITD63-BI', '', 0, 'Bussmann'),
(2046, 'CEO32-BI', '', 0, 'Bussmann'),
(2047, 'CEO40-BI', '', 0, 'Bussmann'),
(2048, 'CEO50-BI', '', 0, 'Bussmann'),
(2049, 'CEO63-BI', '', 0, 'Bussmann'),
(2050, 'CEO80-BI', '', 0, 'Bussmann'),
(2051, 'CEO100-BI', '', 0, 'Bussmann'),
(2052, 'DEO125-BI', '', 0, 'Bussmann'),
(2053, 'DEO160-BI', '', 0, 'Bussmann'),
(2054, 'DEO200-BI', '', 0, 'Bussmann'),
(2055, 'CD80-BI', '', 0, 'Bussmann'),
(2056, 'CD100-BI', '', 0, 'Bussmann'),
(2057, 'BD40', '', 0, 'Bussmann'),
(2058, 'BD50', '', 0, 'Bussmann'),
(2059, 'BD63-BI', '', 0, 'Bussmann'),
(2060, 'DD125-BI', '', 0, 'Bussmann'),
(2061, 'DD160-BI', '', 0, 'Bussmann'),
(2062, 'DD200-BI', '', 0, 'Bussmann'),
(2063, 'ED250-BI', '', 0, 'Bussmann'),
(2064, 'ED315-BI', '', 0, 'Bussmann'),
(2065, 'ED355-BI', '', 0, 'Bussmann'),
(2066, 'ED400-BI', '', 0, 'Bussmann'),
(2067, '355SN11S-BI', '', 0, 'Bussmann'),
(2068, '450SP11S-BI', '', 0, 'Bussmann'),
(2069, '500SP11S-BI', '', 0, 'Bussmann'),
(2070, '560SR11S-BI', '', 0, 'Bussmann'),
(2071, '630SR11S-BI', '', 0, 'Bussmann'),
(2072, '800SR11S-BI', '', 0, 'Bussmann'),
(2073, 'EFS125-BI', '', 0, 'Bussmann'),
(2074, 'EFS160-BI', '', 0, 'Bussmann'),
(2075, 'EFS200-BI', '', 0, 'Bussmann'),
(2076, 'EFS250-BI', '', 0, 'Bussmann'),
(2077, 'EFS315-BI', '', 0, 'Bussmann'),
(2078, 'EF355-BI', '', 0, 'Bussmann'),
(2079, 'EF400-BI', '', 0, 'Bussmann'),
(2080, '710SR11-BI', '', 0, 'Bussmann'),
(2081, '800SR11-BI', '', 0, 'Bussmann'),
(2082, '2NHG000B-BI', '', 0, 'Bussmann'),
(2083, '4NHG000B-BI', '', 0, 'Bussmann'),
(2084, '6NHG000B-BI', '', 0, 'Bussmann'),
(2085, '10NHG000B-BI', '', 0, 'Bussmann'),
(2086, '16NHG000B-BI', '', 0, 'Bussmann'),
(2087, '20NHG000B-BI', '', 0, 'Bussmann'),
(2088, '25NHG000B-BI', '', 0, 'Bussmann'),
(2089, '32NHG000B-BI', '', 0, 'Bussmann'),
(2090, '35NHG000B-BI', '', 0, 'Bussmann'),
(2091, '40NHG000B-BI', '', 0, 'Bussmann'),
(2092, '50NHG000B-BI', '', 0, 'Bussmann'),
(2093, '63NHG000B-BI', '', 0, 'Bussmann'),
(2094, '80NHG000B-BI', '', 0, 'Bussmann'),
(2095, '100NHG000B-BI', '', 0, 'Bussmann'),
(2096, '50NHG00B-BI', '', 0, 'Bussmann'),
(2097, '63NHG00B-BI', '', 0, 'Bussmann'),
(2098, '80NHG00B-BI', '', 0, 'Bussmann'),
(2099, '100NHG00B-BI', '', 0, 'Bussmann'),
(2100, '125NHG00B-BI', '', 0, 'Bussmann'),
(2101, '160NHG00B-BI', '', 0, 'Bussmann'),
(2102, '16NHG0B-BI', '', 0, 'Bussmann'),
(2103, '20NHG0B-BI', '', 0, 'Bussmann'),
(2104, '25NHG0B-BI', '', 0, 'Bussmann'),
(2105, '50NHG0B-BI', '', 0, 'Bussmann'),
(2106, '63NHG0B-BI', '', 0, 'Bussmann'),
(2107, '80NHG0B-BI', '', 0, 'Bussmann'),
(2108, '100NHG0B-BI', '', 0, 'Bussmann'),
(2109, '125NHG0B-BI', '', 0, 'Bussmann'),
(2110, '160NHG0B-BI', '', 0, 'Bussmann'),
(2111, '200NHG0SB-BI', '', 0, 'Bussmann'),
(2112, '100NHG01B-BI', '', 0, 'Bussmann'),
(2113, '125NHG01B-BI', '', 0, 'Bussmann'),
(2114, '160NHG01B-BI', '', 0, 'Bussmann'),
(2115, '80NHG1B-BI', '', 0, 'Bussmann'),
(2116, '100NHG1B-BI', '', 0, 'Bussmann'),
(2117, '125NHG1B-BI', '', 0, 'Bussmann'),
(2118, '160NHG1B-BI', '', 0, 'Bussmann'),
(2119, '200NHG1B-BI', '', 0, 'Bussmann'),
(2120, '224NHG1B-BI', '', 0, 'Bussmann'),
(2121, '250NHG1B-BI', '', 0, 'Bussmann'),
(2122, '315NHG1B-BI', '', 0, 'Bussmann'),
(2123, '355NHG1B', '', 0, 'Bussmann'),
(2124, '35NHG02B-BI', '', 0, 'Bussmann'),
(2125, '40NHG02B-bi', '', 0, 'Bussmann'),
(2126, '50NHG02B-BI', '', 0, 'Bussmann'),
(2127, '63NHG02B-BI', '', 0, 'Bussmann'),
(2128, '80NHG02B-BI', '', 0, 'Bussmann'),
(2129, '100NHG02B-BI', '', 0, 'Bussmann'),
(2130, '125NHG02B-BI', '', 0, 'Bussmann'),
(2131, '160NHG02B-BI', '', 0, 'Bussmann'),
(2132, '200NHG02B-BI', '', 0, 'Bussmann'),
(2133, '224NHG02B-BI', '', 0, 'Bussmann'),
(2134, '250NHG02B-BI', '', 0, 'Bussmann'),
(2135, '250NHG2B-BI', '', 0, 'Bussmann'),
(2136, '300NHG2B', '', 0, 'Bussmann'),
(2137, '315NHG2B-BI', '', 0, 'Bussmann'),
(2138, '355NHG2B-BI', '', 0, 'Bussmann'),
(2139, '400NHG2B-BI', '', 0, 'Bussmann'),
(2140, '250NHG03B-BI', '', 0, 'Bussmann'),
(2141, '315NHG03B-BI', '', 0, 'Bussmann'),
(2142, '355NHG03B-BI', '', 0, 'Bussmann'),
(2143, '400NHG03B-BI', '', 0, 'Bussmann'),
(2144, '315NHG3B-BI', '', 0, 'Bussmann'),
(2145, '355NHG3B-BI', '', 0, 'Bussmann'),
(2146, '400NHG3B-BI', '', 0, 'Bussmann'),
(2147, '425NHG3B-BI', '', 0, 'Bussmann'),
(2148, '450NHG3B-BI', '', 0, 'Bussmann'),
(2149, '500NHG3B-BI', '', 0, 'Bussmann'),
(2150, '630NHG3B-BI', '', 0, 'Bussmann'),
(2151, '800NHG3B-BI', '', 0, 'Bussmann'),
(2152, '800NHG4B-BI', '', 0, 'Bussmann'),
(2153, '6LCT-BI', '', 0, 'Bussmann'),
(2154, '10LCT-BI', '', 0, 'Bussmann'),
(2155, '12LCT-BI', '', 0, 'Bussmann'),
(2156, '16LCT-BI', '', 0, 'Bussmann'),
(2157, '20LCT-BI', '', 0, 'Bussmann'),
(2158, '10LET-BI', '', 0, 'Bussmann'),
(2159, '16LET-BI', '', 0, 'Bussmann'),
(2160, '20LET-BI', '', 0, 'Bussmann'),
(2161, '25LET-BI', '', 0, 'Bussmann'),
(2162, '32LET-BI', '', 0, 'Bussmann'),
(2163, '35LET-BI', '', 0, 'Bussmann'),
(2164, '50LET-BI', '', 0, 'Bussmann'),
(2165, '63LET-BI', '', 0, 'Bussmann'),
(2166, '80LET-BI', '', 0, 'Bussmann'),
(2167, '100LET-BI', '', 0, 'Bussmann'),
(2168, '125LET-BI', '', 0, 'Bussmann'),
(2169, '160LET-BI', '', 0, 'Bussmann'),
(2170, '180LET-BI', '', 0, 'Bussmann'),
(2171, '160LMT-BI', '', 0, 'Bussmann'),
(2172, '200LMT-BI', '', 0, 'Bussmann'),
(2173, '250LMT-BI', '', 0, 'Bussmann'),
(2174, '315LMT-BI', '', 0, 'Bussmann'),
(2175, '355LMT-BI', '', 0, 'Bussmann'),
(2176, '400LMT-BI', '', 0, 'Bussmann'),
(2177, '450LMT-BI', '', 0, 'Bussmann'),
(2178, '400LMMT-BI', '', 0, 'Bussmann'),
(2179, '500LMMT-BI', '', 0, 'Bussmann'),
(2180, '630LMMT-BI', '', 0, 'Bussmann'),
(2181, '710LMMT-BI', '', 0, 'Bussmann'),
(2182, '800LMMT-BI', '', 0, 'Bussmann'),
(2183, '900LMMT-BI', '', 0, 'Bussmann'),
(2184, '6CT-BI', '', 0, 'Bussmann'),
(2185, '10CT-BI', '', 0, 'Bussmann'),
(2186, '12CT-BI', '', 0, 'Bussmann'),
(2187, '16CT-BI', '', 0, 'Bussmann'),
(2188, '20CT-BI', '', 0, 'Bussmann'),
(2189, '15ET-BI', '', 0, 'Bussmann'),
(2190, '25ET-BI', '', 0, 'Bussmann'),
(2191, '32ET-BI', '', 0, 'Bussmann'),
(2192, '35ET-BI', '', 0, 'Bussmann'),
(2193, '40ET-BI', '', 0, 'Bussmann'),
(2194, '45ET-BI', '', 0, 'Bussmann'),
(2195, '56ET-BI', '', 0, 'Bussmann'),
(2196, '63ET-BI', '', 0, 'Bussmann'),
(2197, '80ET-BI', '', 0, 'Bussmann'),
(2198, '35FE-BI', '', 0, 'Bussmann'),
(2199, '40FE-BI', '', 0, 'Bussmann'),
(2200, '45FE-BI', '', 0, 'Bussmann'),
(2201, '50FE-BI', '', 0, 'Bussmann'),
(2202, '63FE-BI', '', 0, 'Bussmann'),
(2203, '71FE-BI', '', 0, 'Bussmann'),
(2204, '80FE-BI', '', 0, 'Bussmann'),
(2205, '90FE-BI', '', 0, 'Bussmann'),
(2206, '100FE-BI', '', 0, 'Bussmann'),
(2207, '75EET-BI', '', 0, 'Bussmann'),
(2208, '90EET-BI', '', 0, 'Bussmann'),
(2209, '110EET-BI', '', 0, 'Bussmann'),
(2210, '140EET-BI', '', 0, 'Bussmann'),
(2211, '160EET-BI', '', 0, 'Bussmann'),
(2212, '100FEE-BI', '', 0, 'Bussmann'),
(2213, '120FEE-BI', '', 0, 'Bussmann'),
(2214, '140FEE-BI', '', 0, 'Bussmann'),
(2215, '160FEE-BI', '', 0, 'Bussmann'),
(2216, '180FEE-BI', '', 0, 'Bussmann'),
(2217, '200FEE-BI', '', 0, 'Bussmann'),
(2218, '160MT-BI', '', 0, 'Bussmann'),
(2219, '180MT-BI', '', 0, 'Bussmann'),
(2220, '200MT-BI', '', 0, 'Bussmann'),
(2221, '250MT-BI', '', 0, 'Bussmann'),
(2222, '280MT-BI', '', 0, 'Bussmann'),
(2223, '315MT-BI', '', 0, 'Bussmann'),
(2224, '355MT-BI', '', 0, 'Bussmann'),
(2225, '180MMT-BI', '', 0, 'Bussmann'),
(2226, '200MMT-BI', '', 0, 'Bussmann'),
(2227, '225MMT-BI', '', 0, 'Bussmann'),
(2228, '280MMT-BI', '', 0, 'Bussmann'),
(2229, '315MMT-BI', '', 0, 'Bussmann'),
(2230, '355MMT-BI', '', 0, 'Bussmann'),
(2231, '400MMT-BI', '', 0, 'Bussmann'),
(2232, '450MMT-BI', '', 0, 'Bussmann'),
(2233, '500MMT-BI', '', 0, 'Bussmann'),
(2234, '560MMT-BI', '', 0, 'Bussmann'),
(2235, '630MMT-BI', '', 0, 'Bussmann'),
(2236, '710MMT-BI', '', 0, 'Bussmann'),
(2237, '180FM-BI', '', 0, 'Bussmann'),
(2238, '200FM-BI', '', 0, 'Bussmann'),
(2239, '225FM-BI', '', 0, 'Bussmann'),
(2240, '250FM-BI', '', 0, 'Bussmann'),
(2241, '280FM-BI', '', 0, 'Bussmann'),
(2242, '315FM-BI', '', 0, 'Bussmann'),
(2243, '350FM-BI', '', 0, 'Bussmann'),
(2244, '400FMM-BI', '', 0, 'Bussmann'),
(2245, '450FMM-BI', '', 0, 'Bussmann'),
(2246, '500FMM-BI', '', 0, 'Bussmann'),
(2247, '550FMM-BI', '', 0, 'Bussmann'),
(2248, '630FMM-BI', '', 0, 'Bussmann'),
(2249, '700FMM-BI', '', 0, 'Bussmann'),
(2250, 'EC-250-BT', '', 0, 'Bussmann'),
(2251, 'EC-600-BT', '', 0, 'Bussmann'),
(2252, 'MC-250-BT', '', 0, 'Bussmann'),
(2253, 'MC-600-BT', '', 0, 'Bussmann'),
(2254, 'MC-700-BT', '', 0, 'Bussmann'),
(2255, 'MAI-BT', '', 0, 'Bussmann'),
(2256, 'ECLIP-BI', '', 0, 'Bussmann'),
(2257, 'MCLIP-BT', '', 0, 'Bussmann'),
(2258, 'CL1', '', 0, 'Bussmann'),
(2259, 'TI250-BT', '', 0, 'Bussmann'),
(2260, 'TI500-BT', '', 0, 'Bussmann'),
(2261, 'TI600-BT', '', 0, 'Bussmann'),
(2262, 'TI700-BT', '', 0, 'Bussmann'),
(2263, 'TI1100-BT', '', 0, 'Bussmann'),
(2264, 'TI1500-BT', '', 0, 'Bussmann'),
(2265, 'TI2000-BT', '', 0, 'Bussmann'),
(2266, '3-6ADGHC15-BI', '', 0, 'Bussmann'),
(2267, '3-6ADGHC20-BI', '', 0, 'Bussmann'),
(2268, '3-6ADGHC25-BI', '', 0, 'Bussmann'),
(2269, '3-6ADGHC30-BI', '', 0, 'Bussmann'),
(2270, '3-6ADGHC40-BI', '', 0, 'Bussmann'),
(2271, '3-6ADGHC45-BI', '', 0, 'Bussmann'),
(2272, '3-6ADGHC50-BI', '', 0, 'Bussmann'),
(2273, '3-6ADGHC60-BI', '', 0, 'Bussmann'),
(2274, '3-6ADGHC70-BI', '', 0, 'Bussmann'),
(2275, '3-6ADGHC75-BI', '', 0, 'Bussmann'),
(2276, '3-6ADGHC80-BI', '', 0, 'Bussmann'),
(2277, '3-6ADGHC90-BI', '', 0, 'Bussmann'),
(2278, '3-6ADGHC100-BI', '', 0, 'Bussmann'),
(2279, '7-2BDGHC10-BI', '', 0, 'Bussmann'),
(2280, '7-2BDGHC16-BI', '', 0, 'Bussmann'),
(2281, '7-2BDGHC20-BI', '', 0, 'Bussmann'),
(2282, '7-2BDGHC25-BI', '', 0, 'Bussmann'),
(2283, '7-2BDGHC31-5-BI', '', 0, 'Bussmann'),
(2284, '7-2BDGHC35-5-BI', '', 0, 'Bussmann'),
(2285, '7-2BDGHC40-BI', '', 0, 'Bussmann'),
(2286, '7-2BDGHC45-BI', '', 0, 'Bussmann'),
(2287, '7-2BDGHC50-BI', '', 0, 'Bussmann'),
(2288, '7-2BDGHC56-BI', '', 0, 'Bussmann'),
(2289, '7-2BDGHC60-BI', '', 0, 'Bussmann'),
(2290, '7-2BDGHC63-BI', '', 0, 'Bussmann'),
(2291, '7-2BDGHC71-BI', '', 0, 'Bussmann'),
(2292, '7-2BDGHC80-BI', '', 0, 'Bussmann'),
(2293, '7-2AHGHC50-BI', '', 0, 'Bussmann'),
(2294, '7-2AHGHC60-BI', '', 0, 'Bussmann'),
(2295, '7-2AHGHC75-BI', '', 0, 'Bussmann'),
(2296, '7-2AHGHC90-BI', '', 0, 'Bussmann'),
(2297, '7-2AHGHC100-BI', '', 0, 'Bussmann'),
(2298, '7-2AHGHC112-BI', '', 0, 'Bussmann'),
(2299, '7-2AHGHC125-BI', '', 0, 'Bussmann'),
(2300, '7-2AHGHC140-BI', '', 0, 'Bussmann'),
(2301, '7-2AHGHC150-BI', '', 0, 'Bussmann'),
(2302, '7-2AHGHC160-BI', '', 0, 'Bussmann'),
(2303, '7-2AHGNB160-BI', '', 0, 'Bussmann'),
(2304, '7-2AHGHB50-BI', '', 0, 'Bussmann'),
(2305, '7-2AHGHB60-BI', '', 0, 'Bussmann'),
(2306, '7-2AHGHB65-BI', '', 0, 'Bussmann'),
(2307, '7-2AHGHB75-BI', '', 0, 'Bussmann'),
(2308, '7-2AHGHB90-BI', '', 0, 'Bussmann'),
(2309, '7-2AHGHB100-BI', '', 0, 'Bussmann'),
(2310, '7-2AHGHB112-BI', '', 0, 'Bussmann'),
(2311, '7-2AHGHB120-BI', '', 0, 'Bussmann'),
(2312, '7-2AHGHB125-BI', '', 0, 'Bussmann'),
(2313, '7-2AHGHB140-BI', '', 0, 'Bussmann'),
(2314, '7-2AHGHB150-BI', '', 0, 'Bussmann'),
(2315, '7-2AHGHB160-BI', '', 0, 'Bussmann'),
(2316, '7-2AEFMO30-BI', '', 0, 'Bussmann'),
(2317, '7-2AEFMO35-BI', '', 0, 'Bussmann'),
(2318, '7-2AEFMO40-BI', '', 0, 'Bussmann'),
(2319, '7-2AEFMO50-BI', '', 0, 'Bussmann'),
(2320, '7-2AEFMO56-BI', '', 0, 'Bussmann'),
(2321, '7-2AEFMO63-BI', '', 0, 'Bussmann'),
(2322, '7-2AEFMO71-BI', '', 0, 'Bussmann'),
(2323, '7-2AEFMO80-BI', '', 0, 'Bussmann'),
(2324, '7-2AEFMO90-BI', '', 0, 'Bussmann'),
(2325, '12BDGHC6-3-BI', '', 0, 'Bussmann'),
(2326, '12BDGHC10-BI', '', 0, 'Bussmann'),
(2327, '12BDGHC16-BI', '', 0, 'Bussmann'),
(2328, '12BDGHC20-BI', '', 0, 'Bussmann'),
(2329, '12BDGHC25-BI', '', 0, 'Bussmann'),
(2330, '12BDGHC31-5-BI', '', 0, 'Bussmann'),
(2331, '12BDGHC35-5-BI', '', 0, 'Bussmann'),
(2332, '12BDGHC40-BI', '', 0, 'Bussmann'),
(2333, '12BDGHC45-BI', '', 0, 'Bussmann'),
(2334, '12BDGHC50-BI', '', 0, 'Bussmann'),
(2335, '12AHGHC56-BI', '', 0, 'Bussmann'),
(2336, '12AHGHC63-BI', '', 0, 'Bussmann'),
(2337, '12AHGHC70-BI', '', 0, 'Bussmann'),
(2338, '12AHGHC80-BI', '', 0, 'Bussmann'),
(2339, '12AHGHC90-BI', '', 0, 'Bussmann'),
(2340, '12AHGHC100-BI', '', 0, 'Bussmann'),
(2341, '12AHGHB56-BI', '', 0, 'Bussmann'),
(2342, '12AHGHB63-BI', '', 0, 'Bussmann'),
(2343, '12AHGHB65-BI', '', 0, 'Bussmann'),
(2344, '12AHGHB70-BI', '', 0, 'Bussmann'),
(2345, '12AHGHB80-BI', '', 0, 'Bussmann'),
(2346, '12AHGHB90-BI', '', 0, 'Bussmann'),
(2347, '12AHGHB100-BI', '', 0, 'Bussmann'),
(2348, '12AKGHD112', '', 0, 'Bussmann'),
(2349, '12AKGHD125-bi', '', 0, 'Bussmann'),
(2350, '12AEFMO3-7-BI', '', 0, 'Bussmann'),
(2351, '12AEFMO12-BI', '', 0, 'Bussmann'),
(2352, '12AEFMO15-BI', '', 0, 'Bussmann'),
(2353, '12AEFMO16-8-BI', '', 0, 'Bussmann'),
(2354, '12AEFMO22-BI', '', 0, 'Bussmann'),
(2355, '12AEFMO26-6-BI', '', 0, 'Bussmann'),
(2356, '12AEFMO30-BI', '', 0, 'Bussmann'),
(2357, '12AEFMO33-75-BI', '', 0, 'Bussmann'),
(2358, '12AEFMO37-5-BI', '', 0, 'Bussmann'),
(2359, '12AEFMO42-BI', '', 0, 'Bussmann'),
(2360, '12AEFMO47-25-BI', '', 0, 'Bussmann'),
(2361, '7-2OEFMA100-BI', '', 0, 'Bussmann'),
(2362, '12OEFMA6-3', '', 0, 'Bussmann'),
(2363, '12OEFMA10', '', 0, 'Bussmann'),
(2364, '12OEFMA16', '', 0, 'Bussmann'),
(2365, '12OEFMA20', '', 0, 'Bussmann'),
(2366, '12OEFMA25', '', 0, 'Bussmann'),
(2367, '12OEFMA31-5', '', 0, 'Bussmann'),
(2368, '12OEFMA40', '', 0, 'Bussmann'),
(2369, '12OEFMA50', '', 0, 'Bussmann'),
(2370, '12OEFMA63', '', 0, 'Bussmann'),
(2371, '12OHFMA71', '', 0, 'Bussmann'),
(2372, '12OHFMA80', '', 0, 'Bussmann'),
(2373, '12OHGMA16', '', 0, 'Bussmann'),
(2374, '12OHGMA25', '', 0, 'Bussmann'),
(2375, '12OHGMA31-5', '', 0, 'Bussmann'),
(2376, '12OHGMA40', '', 0, 'Bussmann'),
(2377, '12OHGMA50', '', 0, 'Bussmann'),
(2378, '12OHGMA63', '', 0, 'Bussmann'),
(2379, '12OHGMA80', '', 0, 'Bussmann'),
(2380, '12OHGMA90', '', 0, 'Bussmann'),
(2381, '12OHGMA100', '', 0, 'Bussmann'),
(2382, '12OLGMA125', '', 0, 'Bussmann'),
(2383, '3-6ABWNA3-15-BI', '', 0, 'Bussmann'),
(2384, '3-6ABWNA6-3-BI', '', 0, 'Bussmann'),
(2385, '7-2ABCNA3-15-BI', '', 0, 'Bussmann'),
(2386, '7-2ABCNA6-3-BI', '', 0, 'Bussmann'),
(2387, '7-2ABWNA3-15-BI', '', 0, 'Bussmann'),
(2388, '7-2ABWNA6-3', '', 0, 'Bussmann'),
(2389, '12ABCNA3-15-BI', '', 0, 'Bussmann'),
(2390, '24ABGNA3-15-BI', '', 0, 'Bussmann'),
(2391, '36ABQNA3-15-BI', '', 0, 'Bussmann'),
(2392, '3-6ABWNS3-15-BI', '', 0, 'Bussmann'),
(2393, '7-2ABCNS3-15-BI', '', 0, 'Bussmann'),
(2394, '12ABCNS3-15-BI', '', 0, 'Bussmann'),
(2395, '3-6ABWNT3-15-BI', '', 0, 'Bussmann'),
(2396, '7-2ABCNT3-15-BI', '', 0, 'Bussmann'),
(2397, '12ABCNT3-15-BI', '', 0, 'Bussmann'),
(2398, '3-6WDOHS5-BI', '', 0, 'Bussmann'),
(2399, '3-6WDOHS16-BI', '', 0, 'Bussmann'),
(2400, '3-6WDOHS20-BI', '', 0, 'Bussmann'),
(2401, '3-6WDOHS25-BI', '', 0, 'Bussmann'),
(2402, '3-6WDOHS32-BI', '', 0, 'Bussmann'),
(2403, '3-6WDOHS40-BI', '', 0, 'Bussmann'),
(2404, '3-6WDOHS50-BI', '', 0, 'Bussmann'),
(2405, '3-6WDOHS63-BI', '', 0, 'Bussmann'),
(2406, '3-6WDOHS80-BI', '', 0, 'Bussmann'),
(2407, '3-6WDFMO50-BI', '', 0, 'Bussmann'),
(2408, '3-6WDFMO63-BI', '', 0, 'Bussmann'),
(2409, '3-6WDFMO80-BI', '', 0, 'Bussmann'),
(2410, '3-6WDFMO100-BI', '', 0, 'Bussmann'),
(2411, '3-6WFFMO100-BI', '', 0, 'Bussmann'),
(2412, '3-6WFFMO140-BI', '', 0, 'Bussmann'),
(2413, '3-6WFFMO160-BI', '', 0, 'Bussmann'),
(2414, '3-6WFFMO200-BI', '', 0, 'Bussmann'),
(2415, '3-6WFFMO250-BI', '', 0, 'Bussmann'),
(2416, '3-6WFFMO315-BI', '', 0, 'Bussmann'),
(2417, '3-6WFFMO350-BI', '', 0, 'Bussmann'),
(2418, '3-6WFFMO450-BI', '', 0, 'Bussmann'),
(2419, '3-6WKFMO630-BI', '', 0, 'Bussmann'),
(2420, '7-2WFNMO50-BI', '', 0, 'Bussmann'),
(2421, '7-2WFNMO63-BI', '', 0, 'Bussmann'),
(2422, '7-2WFNMO80-BI', '', 0, 'Bussmann'),
(2423, '7-2WFNMO100-BI', '', 0, 'Bussmann'),
(2424, '7-2WFNMO125-BI', '', 0, 'Bussmann'),
(2425, '7-2WFNMO160-BI', '', 0, 'Bussmann'),
(2426, '7-2WFNMO200-BI', '', 0, 'Bussmann'),
(2427, '7-2WFNMO250-BI', '', 0, 'Bussmann'),
(2428, '7-2WFQMO50-BI', '', 0, 'Bussmann'),
(2429, '7-2WFQMO63-BI', '', 0, 'Bussmann'),
(2430, '7-2WFQMO80-BI', '', 0, 'Bussmann'),
(2431, '7-2WFQMO100-BI', '', 0, 'Bussmann'),
(2432, '7-2WFQMO125-BI', '', 0, 'Bussmann'),
(2433, '7-2WFQMO160-BI', '', 0, 'Bussmann'),
(2434, '7-2WFQMO200-BI', '', 0, 'Bussmann'),
(2435, '7-2WFQMO250-BI', '', 0, 'Bussmann'),
(2436, '7-2WKQMO350-BI', '', 0, 'Bussmann'),
(2437, '7-2WKQMO400-BI', '', 0, 'Bussmann'),
(2438, 'SS2-BI', '', 0, 'Bussmann'),
(2439, 'SS4-BI', '', 0, 'Bussmann'),
(2440, 'SS6-BI', '', 0, 'Bussmann'),
(2441, 'SS10-BI', '', 0, 'Bussmann'),
(2442, 'SS16-BI', '', 0, 'Bussmann'),
(2443, 'SS20-BI', '', 0, 'Bussmann'),
(2444, 'NS2-BI', '', 0, 'Bussmann'),
(2445, 'NS4-BI', '', 0, 'Bussmann'),
(2446, 'NS6-BI', '', 0, 'Bussmann'),
(2447, 'NS10-BI', '', 0, 'Bussmann'),
(2448, 'NS16-BI', '', 0, 'Bussmann'),
(2449, 'NS20-BI', '', 0, 'Bussmann'),
(2450, 'NS25-BI', '', 0, 'Bussmann'),
(2451, 'NS32-BI', '', 0, 'Bussmann'),
(2452, 'ES2-BI', '', 0, 'Bussmann'),
(2453, 'ES4-BI', '', 0, 'Bussmann'),
(2454, 'ES6-BI', '', 0, 'Bussmann'),
(2455, 'ES10-BI', '', 0, 'Bussmann'),
(2456, 'ES16-BI', '', 0, 'Bussmann'),
(2457, 'ES20-BI', '', 0, 'Bussmann'),
(2458, 'ES25-BI', '', 0, 'Bussmann'),
(2459, 'ES32-BI', '', 0, 'Bussmann'),
(2460, 'ES36-BI', '', 0, 'Bussmann'),
(2461, 'ES50-BI', '', 0, 'Bussmann'),
(2462, 'ES63-BI', '', 0, 'Bussmann'),
(2463, 'EIT2-BI', '', 0, 'Bussmann'),
(2464, 'EIT4-BI', '', 0, 'Bussmann'),
(2465, 'EIT6-BI', '', 0, 'Bussmann'),
(2466, 'EIT10-BI', '', 0, 'Bussmann'),
(2467, 'EIT16-BI', '', 0, 'Bussmann'),
(2468, 'EIT20-BI', '', 0, 'Bussmann'),
(2469, 'EIT25-BI', '', 0, 'Bussmann'),
(2470, 'EIT32-BI', '', 0, 'Bussmann'),
(2471, 'EIT36-BI', '', 0, 'Bussmann'),
(2472, 'EIT50-BI', '', 0, 'Bussmann'),
(2473, 'EIT63-BI', '', 0, 'Bussmann'),
(2474, 'TSA6-BI', '', 0, 'Bussmann'),
(2475, 'TSA10-BI', '', 0, 'Bussmann'),
(2476, 'TSA16-BI', '', 0, 'Bussmann'),
(2477, 'TSA20-BI', '', 0, 'Bussmann'),
(2478, 'TSA25-BI', '', 0, 'Bussmann'),
(2479, 'TSA32-BI', '', 0, 'Bussmann'),
(2480, 'TSS36-BI', '', 0, 'Bussmann'),
(2481, 'TSS50-BI', '', 0, 'Bussmann'),
(2482, 'TSS63-BI', '', 0, 'Bussmann'),
(2483, 'TSDS80-BI', '', 0, 'Bussmann'),
(2484, 'TSDS100-BI', '', 0, 'Bussmann'),
(2485, 'TSDS125-BI', '', 0, 'Bussmann'),
(2486, 'TSD80-BI', '', 0, 'Bussmann'),
(2487, 'TSD100-BI', '', 0, 'Bussmann'),
(2488, 'TSD125-BI', '', 0, 'Bussmann'),
(2489, 'TSFP125-BI', '', 0, 'Bussmann'),
(2490, 'TSFP160-BI', '', 0, 'Bussmann'),
(2491, 'TSFP200-BI', '', 0, 'Bussmann'),
(2492, 'TSDC80-BI', '', 0, 'Bussmann'),
(2493, 'TSDC100-BI', '', 0, 'Bussmann'),
(2494, 'TSK250-BI', '', 0, 'Bussmann'),
(2495, 'TSK315-BI', '', 0, 'Bussmann'),
(2496, 'TSMS355-BI', '', 0, 'Bussmann'),
(2497, 'TSMS400-BI', '', 0, 'Bussmann'),
(2498, 'TSTS450-BI', '', 0, 'Bussmann'),
(2499, 'TSTS500-BI', '', 0, 'Bussmann'),
(2500, 'TSLS560-BI', '', 0, 'Bussmann'),
(2501, 'TSLS630-BI', '', 0, 'Bussmann'),
(2502, 'TSLS710-BI', '', 0, 'Bussmann'),
(2503, 'TSLS750-BI', '', 0, 'Bussmann'),
(2504, 'TSLS800-BI', '', 0, 'Bussmann'),
(2505, 'TSM355-BI', '', 0, 'Bussmann'),
(2506, 'TSM400-BI', '', 0, 'Bussmann'),
(2507, 'TST450-BI', '', 0, 'Bussmann'),
(2508, 'TST500-BI', '', 0, 'Bussmann'),
(2509, 'TSL560-BI', '', 0, 'Bussmann'),
(2510, 'TSL630-BI', '', 0, 'Bussmann'),
(2511, 'TSL710-BI', '', 0, 'Bussmann'),
(2512, 'TSL750-BI', '', 0, 'Bussmann'),
(2513, 'TSL800-BI', '', 0, 'Bussmann'),
(2514, 'TM355-BI', '', 0, 'Bussmann'),
(2515, 'TM400-BI', '', 0, 'Bussmann'),
(2516, 'TTM450-BI', '', 0, 'Bussmann'),
(2517, 'TTM500-BI', '', 0, 'Bussmann'),
(2518, 'TTM560-BI', '', 0, 'Bussmann'),
(2519, 'TTM630-BI', '', 0, 'Bussmann'),
(2520, 'TLM630-BI', '', 0, 'Bussmann'),
(2521, 'TLM710-BI', '', 0, 'Bussmann'),
(2522, 'TLM750-BI', '', 0, 'Bussmann'),
(2523, 'TLM800-BI', '', 0, 'Bussmann'),
(2524, 'TIA2-BI', '', 0, 'Bussmann'),
(2525, 'TIA4-BI', '', 0, 'Bussmann'),
(2526, 'TIA6-BI', '', 0, 'Bussmann'),
(2527, 'TIA10-BI', '', 0, 'Bussmann'),
(2528, 'TIA16-BI', '', 0, 'Bussmann'),
(2529, 'TIA20-BI', '', 0, 'Bussmann'),
(2530, 'TIA25-BI', '', 0, 'Bussmann'),
(2531, 'TIA32-BI', '', 0, 'Bussmann'),
(2532, 'TIS36-BI', '', 0, 'Bussmann'),
(2533, 'TIS40-BI', '', 0, 'Bussmann'),
(2534, 'TIS50-BI', '', 0, 'Bussmann'),
(2535, 'TIS63-BI', '', 0, 'Bussmann'),
(2536, 'TCP80-BI', '', 0, 'Bussmann'),
(2537, 'TCP100-BI', '', 0, 'Bussmann'),
(2538, 'TFP125-BI', '', 0, 'Bussmann'),
(2539, 'TFP160-BI', '', 0, 'Bussmann'),
(2540, 'TFP200-BI', '', 0, 'Bussmann'),
(2541, 'TC80-BI', '', 0, 'Bussmann'),
(2542, 'TC100-BI', '', 0, 'Bussmann'),
(2543, '102TC80-BI', '', 0, 'Bussmann'),
(2544, '102TC100-BI', '', 0, 'Bussmann'),
(2545, 'TF125-BI', '', 0, 'Bussmann'),
(2546, 'TF160-BI', '', 0, 'Bussmann'),
(2547, 'TF200-BI', '', 0, 'Bussmann'),
(2548, 'TF250-BI', '', 0, 'Bussmann'),
(2549, 'TKF250-BI', '', 0, 'Bussmann'),
(2550, 'TKF315-BI', '', 0, 'Bussmann'),
(2551, 'NSH32', '', 0, 'Bussmann'),
(2552, 'NSP32', '', 0, 'Bussmann'),
(2553, 'NSB32', '', 0, 'Bussmann'),
(2554, 'SC20H', '', 0, 'Bussmann'),
(2555, 'SC63H', '', 0, 'Bussmann'),
(2556, 'SM125B', '', 0, 'Bussmann'),
(2557, 'SM125H', '', 0, 'Bussmann'),
(2558, 'SM32B', '', 0, 'Bussmann'),
(2559, 'SM32H', '', 0, 'Bussmann'),
(2560, 'SM63B', '', 0, 'Bussmann'),
(2561, 'SM63H', '', 0, 'Bussmann'),
(2562, 'TI300-BI', '', 0, 'Bussmann'),
(2563, 'TI600-BI', '', 0, 'Bussmann'),
(2564, 'TI1200-BI', '', 0, 'Bussmann'),
(2565, 'TI2000-BI', '', 0, 'Bussmann'),
(2566, 'GSMJ63', '', 0, 'Bussmann'),
(2567, 'GSMJ120', '', 0, 'Bussmann'),
(2568, 'GSMJ180', '', 0, 'Bussmann'),
(2569, 'GSMJ240', '', 0, 'Bussmann'),
(2570, 'GSMJ300', '', 0, 'Bussmann'),
(2571, 'GSMJ350', '', 0, 'Bussmann'),
(2572, 'GSMJ400', '', 0, 'Bussmann'),
(2573, 'GSMJ460', '', 0, 'Bussmann'),
(2574, 'GSMJ520', '', 0, 'Bussmann'),
(2575, 'GSMJ580', '', 0, 'Bussmann'),
(2576, 'GSMJ630', '', 0, 'Bussmann'),
(2577, 'GSMJ680', '', 0, 'Bussmann'),
(2578, 'GSMJ800', '', 0, 'Bussmann'),
(2579, 'GSMJ1000', '', 0, 'Bussmann'),
(2580, 'GSMJ1200', '', 0, 'Bussmann'),
(2581, 'GSMK63', '', 0, 'Bussmann'),
(2582, 'GSMK120', '', 0, 'Bussmann'),
(2583, 'GSMK180', '', 0, 'Bussmann'),
(2584, 'GSMK240', '', 0, 'Bussmann'),
(2585, 'GSMK300', '', 0, 'Bussmann'),
(2586, 'GSMK350', '', 0, 'Bussmann'),
(2587, 'GSMK400', '', 0, 'Bussmann'),
(2588, 'GSMK460', '', 0, 'Bussmann'),
(2589, 'GSMK520', '', 0, 'Bussmann'),
(2590, 'GSMK580', '', 0, 'Bussmann'),
(2591, 'GSMK630', '', 0, 'Bussmann'),
(2592, 'GSMK680', '', 0, 'Bussmann'),
(2593, 'GSMK800', '', 0, 'Bussmann'),
(2594, 'GSMK1200', '', 0, 'Bussmann'),
(2595, 'RGS500', '', 0, 'Bussmann'),
(2596, 'SMK-GSM120-1200', '', 0, 'Bussmann'),
(2597, '954GSMJ400', '', 0, 'Bussmann'),
(2598, 'K3PGX5', '', 0, 'Bussmann'),
(2599, 'K3PGX10', '', 0, 'Bussmann'),
(2600, 'K3PGX16', '', 0, 'Bussmann'),
(2601, 'K3PGX20', '', 0, 'Bussmann'),
(2602, 'K3PGX25', '', 0, 'Bussmann'),
(2603, 'K3PGX32', '', 0, 'Bussmann'),
(2604, 'K3PGX40', '', 0, 'Bussmann'),
(2605, 'K3PGX50', '', 0, 'Bussmann'),
(2606, 'K3PGX63', '', 0, 'Bussmann'),
(2607, 'K3PGX80', '', 0, 'Bussmann'),
(2608, 'K81PEX100', '', 0, 'Bussmann'),
(2609, 'K81PEX160', '', 0, 'Bussmann'),
(2610, 'K81PEX200', '', 0, 'Bussmann');
INSERT INTO `core_item` (`id`, `item_code`, `item_description`, `MOQ`, `brand`) VALUES
(2611, 'K81PEX250', '', 0, 'Bussmann'),
(2612, 'K81PEX315', '', 0, 'Bussmann'),
(2613, 'K81PEX350', '', 0, 'Bussmann'),
(2614, 'K81SVX50', '', 0, 'Bussmann'),
(2615, 'K81SVX63', '', 0, 'Bussmann'),
(2616, 'K81SVX80', '', 0, 'Bussmann'),
(2617, 'K81SVX100', '', 0, 'Bussmann'),
(2618, 'K81SVX125', '', 0, 'Bussmann'),
(2619, 'K81SVX160', '', 0, 'Bussmann'),
(2620, 'K81SVX200', '', 0, 'Bussmann'),
(2621, 'K81SVX250', '', 0, 'Bussmann'),
(2622, 'KSVX50', '', 0, 'Bussmann'),
(2623, 'KSVX63', '', 0, 'Bussmann'),
(2624, 'KSVX80', '', 0, 'Bussmann'),
(2625, 'KSVX100', '', 0, 'Bussmann'),
(2626, 'KSVX125', '', 0, 'Bussmann'),
(2627, 'KSVX160', '', 0, 'Bussmann'),
(2628, 'KSVX200', '', 0, 'Bussmann'),
(2629, 'KSVX250', '', 0, 'Bussmann'),
(3323, 'SC 213.2033', '20A 2P+E IP44 STRAIGHT PLUG', 0, 'Scame'),
(3324, 'SC 213.2037', 'PLUG 20A 3P+N+E', 0, 'Scame'),
(3325, 'SC 213.3233', '32A 2P+E STRAIGHT PLUG', 0, 'Scame'),
(3326, 'SC 213.3237 ', '32A 3P+N+E PLUG', 0, 'Scame'),
(3327, 'SC 214.1633 ', 'PLUG 16A 2P+E', 0, 'Scame'),
(3328, 'SC 218.12537', 'PLUG 125A 5PIN', 0, 'Scame'),
(3329, 'SC 218.2033 ', '20A 2P+E STRAIGHT PLUG', 0, 'Scame'),
(3330, 'SC 218.2036 ', '20A 3P+E PLUG IP 66', 0, 'Scame'),
(3331, 'SC 218.2037 ', '20A 5PIN PLUG IP67', 0, 'Scame'),
(3332, 'SC 218.3233 ', '32A 2P+E IP66 STRAIGHT PLUG', 0, 'Scame'),
(3333, 'SC 218.3237 ', '32A 3P+N+E ISTRAIGHT PLUG', 0, 'Scame'),
(3334, 'SC 218.6337 ', '63A 3P+N+E IP66 ST PLUG', 0, 'Scame'),
(3335, 'SC 313.3243 ', '32A 2P+E CONNEC', 0, 'Scame'),
(3336, 'SC 318.2046 ', '20A 3P+E SOCKET IP66', 0, 'Scame'),
(3337, 'SC 318.3243 ', '32A 2P+E CONNECTOR', 0, 'Scame'),
(3338, 'SC 318.3247 ', '32A 3P+N+E CONNECTOR', 0, 'Scame'),
(3339, 'SC 318.6343', '63A 2P+E CONNECTOR IP 66/67', 0, 'Scame'),
(3340, 'SC 400.3283', '32A 2P+E IP44 INTERLOCK SKT', 0, 'Scame'),
(3341, 'SC 405.2083 ', '20A 2P+E IP66 INTERLOCK SOCK PANEL', 0, 'Scame'),
(3342, 'SC 405.3283 ', '32A 2P+E IP66 INTERLOCK SKT PANEL', 0, 'Scame'),
(3343, 'SC 405.3287 ', '32A 3P+N+E SWT. SKT +INTERLOCK', 0, 'Scame'),
(3344, 'SC 405.6387 ', '63A 5PIN FL. MTG. INTERLCK', 0, 'Scame'),
(3345, 'SC 413.2063 ', '20A 2P+E IP44 FLUSH SOCKET', 0, 'Scame'),
(3346, 'SC 4132067 ', 'SOCKET 20A 3P+N+E', 0, 'Scame'),
(3347, 'SC 413.3263 ', '32A 2P+E FLUSH SOCKET', 0, 'Scame'),
(3348, 'SC 418.12567 ', 'SOCKET 125A 5PIN', 0, 'Scame'),
(3349, 'SC 418.2063 ', '20A 2P+E FLUSH SOCKET', 0, 'Scame'),
(3350, 'SC 418.2067  ', '20A 5PIN FL. SOCKET', 0, 'Scame'),
(3351, 'SC 418.3263 ', '32A 2P+E IP66 FLUSH SOCK', 0, 'Scame'),
(3352, 'SC 418 3267 ', '32A 3P+N+E IP66 FLUSH SOCK', 0, 'Scame'),
(3353, 'SC 418.6367  ', '63A SOCKE 3P+N+E IP66', 0, 'Scame'),
(3354, 'SC 500.3283 ', '32A 2P+E SURF, MTG', 0, 'Scame'),
(3355, 'SC 505.2083 ', 'SUF MTG BOX 20A', 0, 'Scame'),
(3356, 'SC 505 3287 ', '32A 3P+N+E S.M BOX', 0, 'Scame'),
(3357, 'SC 505.6387', '63A 5PIN SUF MTG. INTERLOCK', 0, 'Scame'),
(3358, 'SC 518.12557T ', 'SOCKET', 0, 'Scame'),
(3359, 'SC 518.3257 T 32A 3P+N+E SOCK', '', 0, 'Scame'),
(3360, 'SC 548.12587', '', 0, 'Scame'),
(3361, 'SC 568.3287 ', 'SWI SOCK  INT 32A 5PIN', 0, 'Scame'),
(3362, 'SC 570.0016 ', 'BOX FOR 20A SKT', 0, 'Scame'),
(3363, 'SC 570.0032 ', 'BOX FOR 32A SKT', 0, 'Scame'),
(3364, 'SC 572.0200 ', 'FLUSH MTG BOX', 0, 'Scame'),
(3365, 'SC 572.0220 ', 'FLAME  COMPLETE + GASKET', 0, 'Scame'),
(3366, 'SC 572 0310 ', 'SURFACE BOX  LOCK SOCKET', 0, 'Scame'),
(3367, 'SC 590.GE10005 ', 'ROT.ISOLATOR', 0, 'Scame'),
(3368, 'SC 590. GR2002 ', 'ROTARY ISO 20A DP', 0, 'Scame'),
(3369, 'SC 632.1500-000 ', 'SURF. MTG ENCL FP', 0, 'Scame'),
(3370, 'SC 633.1013 ', 'MOD. ENCL 16/32A', 0, 'Scame'),
(3371, 'SC 672.2002 ', '2POLE ENCLOSURE IP66', 0, 'Scame'),
(3372, 'SC 672.2004', '4 POLE ENCLOSURE IP66', 0, 'Scame'),
(3373, 'SC 672.2008 ', '8 POLE ENCLOSURE IP66', 0, 'Scame'),
(3374, 'SC 672.2301 ', 'SUR.MTG ENCL.1P66', 0, 'Scame'),
(3375, 'SC 672.3300 ', 'SURF ENCL', 0, 'Scame'),
(3376, 'SC 672.3302 ', '12MOD S.MTG ENCL', 0, 'Scame'),
(3377, 'SC 672.4116 ', 'ENCL', 0, 'Scame'),
(3378, 'SC 686.204  ', 'BOX', 0, 'Scame'),
(3379, 'SM GL10004POI', '1000A LOAD BREAK SWITCH ', 0, 'socomec'),
(3380, 'SM 41K24120A', '1250A FP C/O SWITCH', 0, 'socomec'),
(3381, 'SM 41K24011A', 'CD C/O SWITCH B2(41K24011A)CD', 0, 'socomec'),
(3382, 'SM 26K24011A', '125A CD FP LOAD BREAK SWITCH 26K24011A', 0, 'socomec'),
(3383, 'SM 14001020A ', 'SHAFT 200MM', 0, 'socomec'),
(3384, 'SM 14212111A', 'HOD S2', 0, 'socomec'),
(3385, 'SM 41K24160A', '1600A C/O SWITCH 41K24160A', 0, 'socomec'),
(3386, 'SM 160A LOAD BREAK SWT.+ENCL  ', '160A LOAD BREAK SWT.+ENCL  ', 0, 'socomec'),
(3387, 'SM 41G24020A', '200A C/O SWITCH B3( 41G24020A)', 0, 'socomec'),
(3388, 'SM 21111005G ', 'NEUTRAL POLE  FOR LBC', 0, 'socomec'),
(3389, 'SM 21113105G', 'EXTERNAL HOD VER. COMO', 0, 'socomec'),
(3390, 'SM 21131113G', 'EXT. HOD K1 TYPE FOR LBS', 0, 'socomec'),
(3391, 'SM 21132200G', 'EXT. SHAFT FOR LBS', 0, 'socomec'),
(3392, 'SM 41G24025A', '250A C/O SWITCH B4( 41G24025A)', 0, 'socomec'),
(3393, 'SM 26003064G', 'LD SWITCH', 0, 'socomec'),
(3394, 'SM 26003079G', '', 0, 'socomec'),
(3395, 'SM 26K23016A', 'LD SWITCH 160A TP', 0, 'socomec'),
(3396, 'SM 26K23020A', 'LD SWITCH 200A TP', 0, 'socomec'),
(3397, 'SM 26K23025A', ' 250ASIRCO LD SWITCH TP', 0, 'socomec'),
(3398, 'SM 26K24012A', 'LD SWITCH 125A FP', 0, 'socomec'),
(3399, 'SM 26K24016A', '160A SIRCO LD SWITCH FP', 0, 'socomec'),
(3400, 'SM 26K24040A', '400A SIRCO LD SWITCH FP', 0, 'socomec'),
(3401, 'SM 26K24063A', '630A LD SWITCH FP', 0, 'socomec'),
(3402, 'SM 26K24080A', 'LBS SIRCO 800A FP', 0, 'socomec'),
(3403, 'SM 26K24030A', '315A CD FP LOAD BREAK SWITCH 26K24030A', 0, 'socomec'),
(3404, 'SM 41G24031A', '315A C/O SWITCH B4 FP (41G24031A)', 0, 'socomec'),
(3405, 'SM 36253010', 'FUSE BLOC A4 3x100A L DR', 0, 'socomec'),
(3406, 'SM 39990022G', 'AUX CONTACT 32-400A', 0, 'socomec'),
(3407, 'SM 41G24040A', '400A C/O SWITCH B4( 41G24040A)', 0, 'socomec'),
(3408, 'SM 48250092G', 'RS 485', 0, 'socomec'),
(3409, 'SM 48250093G', 'DIRIS', 0, 'socomec'),
(3410, 'SM 48250500G', 'DIRIS A40 +RS 485', 0, 'socomec'),
(3411, 'SM 48250501G', 'DIRIS A40', 0, 'socomec'),
(3412, 'SM 48290583', 'RJ12 CABLE 3x1M', 0, 'socomec'),
(3413, 'SM 48290599G', 'ADAPTER', 0, 'socomec'),
(3414, 'SM 41G24063A', '630A C/O SWITCH B5( 41G24063A)', 0, 'socomec'),
(3415, 'SM GC06304POI', '630A C/O SWITCH GC06304POI', 0, 'socomec'),
(3416, 'SM 41K24006A', '63A C/O SWITCH 41K24006A', 0, 'socomec'),
(3417, 'SM 41G24079A', '800A C/O SWITCH FP CD 41G24079A', 0, 'socomec'),
(3418, 'SM 95254012SL', 'ATYS C4 125A FP', 0, 'socomec'),
(3419, 'SM 95254020SL', 'ATYS C4 4X200A', 0, 'socomec'),
(3420, 'SM 95254025SL', 'ATYS C4 250A FP', 0, 'socomec'),
(3421, 'SM 95254120SL', 'ATYS C4 1250A FP', 0, 'socomec'),
(3422, 'SM 16000015', 'ATS CONTROLLER ATYS A15 (16000015)', 0, 'socomec'),
(3423, 'SM 16000025', 'ATS CONTROLLER ATYS C25 (16000025)', 0, 'socomec'),
(3424, 'SM 15993020G', 'ATS CONTROLLER C20 (15993020G)', 0, 'socomec'),
(3425, 'SM 93234006G', 'ATYS D M4X63A 93234006G', 0, 'socomec'),
(3426, 'SM FP95234100SL', 'ATyS R 1000A FP95234100SL', 0, 'socomec'),
(3427, 'SM 95234160SL', 'ATyS R 1600A FP 95234160SL', 0, 'socomec'),
(3428, 'SM 5234040SL', 'ATySr 400A  95234040SL', 0, 'socomec'),
(3429, 'SM 95234016SL', 'ATyS R4 160A 95234016SL', 0, 'socomec'),
(3430, 'SM  95234020SL', 'ATySr 4 200A 95234020SL', 0, 'socomec'),
(3431, 'SM 95234025SL', 'ATYS R4 250A  95234025SL', 0, 'socomec'),
(3432, 'SM 95234050SL', 'ATyS R4 500A  95234050SL', 0, 'socomec'),
(3433, 'SM 95234063SL', 'ATyS R4 630A  95234063SL', 0, 'socomec'),
(3434, 'SM 95234080SL', 'ATyS R4 800A   95234080SL', 0, 'socomec'),
(3435, 'SM 26990031A', 'AUX CONTACT 1ST 1NO/NC 26990031A', 0, 'socomec'),
(3436, 'SM 41090021A', 'AUX CONTACT 41090021A', 0, 'socomec'),
(3437, 'SM 36297901G', 'DIRECT HOD UPTO 400A F/BLOCK  36297901G', 0, 'socomec'),
(3438, 'SM  48250403G', 'DIRIS A30  48250403G', 0, 'socomec'),
(3439, 'SM 14433113A', 'EXTENDED HOD FOR C/O  KIT (14433113A)', 0, 'socomec'),
(3440, 'SM 14001032G', 'FUSEBLOC SHAFT 14001032G', 0, 'socomec'),
(3441, 'SM 14232111G', 'HOD EXT. FRONT PH -2 14232111G', 0, 'socomec'),
(3442, 'SM 48250205G', 'PROFIBUS A40 DP 48250205G', 0, 'socomec'),
(3443, 'SM 95034010SL', 'RTSE ATYS S4x100A (95034010SL', 0, 'socomec'),
(3444, 'SM 95034012SL', 'RTSE ATYS S4x125A (95034012SL', 0, 'socomec'),
(3445, 'SM 34AA3140HC', 'SAFETY ENCL SWIT 3x400A (34AA3140HC)', 0, 'socomec'),
(3446, 'SM 34AA3112HC', 'SAFETY ENCL SWITCH 3x125A (34AA3112HC)', 0, 'socomec'),
(3447, 'SM 34AA3120HC', 'SAFETY ENCL SWITCH 3x200A (34AA3120HC)', 0, 'socomec'),
(3448, 'SM 32AS3105', 'SAFETY ENCL SWITCH 3x50A (32AS3105)', 0, 'socomec'),
(3449, 'SM 34AA3105HC', 'SAFETY ENCL SWITCH 3x50A (34AA3105HC)', 0, 'socomec'),
(3450, 'SM 34AA3205HC', 'SAFETY ENCL SWITCH 3x50A (34AA3205HC)', 0, 'socomec'),
(3451, 'SM 34AA3163HC', 'SAFETY ENCL SWITCH 3x630A (34AA3163HC)', 0, 'socomec'),
(3452, 'SM 32AS3108', 'SAFETY ENCL SWITCH 3x80A (32AS3108)', 0, 'socomec'),
(3453, 'SM 34AA3108-HC', 'SAFETY ENCL SWITCH 3x80A (34AA3108-HC)', 0, 'socomec'),
(3454, 'SM 38313038G', 'SFU 400A TP PH 1 GTG  38313038G', 0, 'socomec'),
(3455, 'SM 38413038G', 'SFU 400A TP PH 2 GTG  38413038G', 0, 'socomec'),
(3456, 'SM 14001032A', 'SHAFT 320MM 14001032A', 0, 'socomec'),
(3457, 'SM 14011532A', 'SHAFT FOR  320 SIRCOVER 14011532A', 0, 'socomec'),
(3458, '6E13M021O000000-ELECTRICAL CONSUMABLE MATERIALS,', '6E13M021O000000-ELECTRICAL CONSUMABLE MATERIALS,', 0, 'eaton'),
(3459, 'ETN 010343 DILEM-01-G CONT 24V DC', 'ETN 010343 DILEM-01-G CONT 24V DC', 0, 'eaton'),
(3460, 'ETN 021417 DILEM-10 24V AC MINI CONTACTOR', 'ETN 021417 DILEM-10 24V AC MINI CONTACTOR', 0, 'eaton'),
(3461, 'ETN 030851 AK-PKZ0 LOCKING FOR MPCB', 'ETN 030851 AK-PKZ0 LOCKING FOR MPCB', 0, 'eaton'),
(3462, 'ETN 041097', 'ETN 041097', 0, 'eaton'),
(3463, 'ETN 051608 DILEEM 10', 'ETN 051608 DILEEM 10', 0, 'eaton'),
(3464, 'ETN 051650 DILEEM-01-G', 'ETN 051650 DILEEM-01-G', 0, 'eaton'),
(3465, 'ETN 051776 DILER-22 MINI CONTROL 220/240V 50/60 HZ', 'ETN 051776 DILER-22 MINI CONTROL 220/240V 50/60 HZ', 0, 'eaton'),
(3466, 'ETN 051785 DILEM-10 220V 50HZ, 240V 60HZ', 'ETN 051785 DILEM-10 220V 50HZ, 240V 60HZ', 0, 'eaton'),
(3467, 'ETN 051794 DILEM-01', 'ETN 051794 DILEM-01', 0, 'eaton'),
(3468, 'ETN 058771 DILEEM01', 'ETN 058771 DILEEM01', 0, 'eaton'),
(3469, 'ETN 082884 NHI-E-10-PKZO', 'ETN 082884 NHI-E-10-PKZO', 0, 'eaton'),
(3470, 'ETN 101371 DILM32-XHI11-S', 'ETN 101371 DILM32-XHI11-S', 0, 'eaton'),
(3471, 'ETN 10213 DILEM-10-G (24VDC)', 'ETN 10213 DILEM-10-G (24VDC)', 0, 'eaton'),
(3472, 'ETN 10250T2 CONTACT BLOCK 2 NO', 'ETN 10250T2 CONTACT BLOCK 2 NO', 0, 'eaton'),
(3473, 'ETN 10250T451 30.5 4 POS JOY STICK', 'ETN 10250T451 30.5 4 POS JOY STICK', 0, 'eaton'),
(3474, 'ETN 113094 PLSM-D50 SP MCB', 'ETN 113094 PLSM-D50 SP MCB', 0, 'eaton'),
(3475, 'ETN 152386  XTCD032D11E2 110V AC', 'ETN 152386  XTCD032D11E2 110V AC', 0, 'eaton'),
(3476, 'ETN 152431 XTCDXFAG11 AUX', 'ETN 152431 XTCDXFAG11 AUX', 0, 'eaton'),
(3477, 'ETN 152435 XTCDXFAG22 AUX CONT', 'ETN 152435 XTCDXFAG22 AUX CONT', 0, 'eaton'),
(3478, 'ETN 152487  XTOD006CC1 D LINE O/L/RELAY', 'ETN 152487  XTOD006CC1 D LINE O/L/RELAY', 0, 'eaton'),
(3479, 'ETN 167897 FRCDM-40/4/03-GB', 'ETN 167897 FRCDM-40/4/03-GB', 0, 'eaton'),
(3480, 'ETN 171425 SL7-100-L-RYG-24V LED TOWER LAMP', 'ETN 171425 SL7-100-L-RYG-24V LED TOWER LAMP', 0, 'eaton'),
(3481, 'ETN 172834 P1-25/XM LOAD BREAK SWITCH', 'ETN 172834 P1-25/XM LOAD BREAK SWITCH', 0, 'eaton'),
(3482, 'ETN  200066 OFF LINE 4G', 'ETN  200066 OFF LINE 4G', 0, 'eaton'),
(3483, 'ETN 204989 STN 0.8 (480/120) CONTROL TRANSFORMER', 'ETN 204989 STN 0.8 (480/120) CONTROL TRANSFORMER', 0, 'eaton'),
(3484, 'ETN 207149 T0-2-15679/I1/SVB ON/OFF SWT', 'ETN 207149 T0-2-15679/I1/SVB ON/OFF SWT', 0, 'eaton'),
(3485, 'ETN 207343 P3-63/14/SVB', 'ETN 207343 P3-63/14/SVB', 0, 'eaton'),
(3486, 'ETN 216392 M22S-ST-X', 'ETN 216392 M22S-ST-X', 0, 'eaton'),
(3487, 'ETN 216395 M22-T-D KEY PROTECTION', 'ETN 216395 M22-T-D KEY PROTECTION', 0, 'eaton'),
(3488, 'ETN 216480 M22-XST', 'ETN 216480 M22-XST', 0, 'eaton'),
(3489, 'ETN 216504 M22-AK10 NO CONTACT', 'ETN 216504 M22-AK10 NO CONTACT', 0, 'eaton'),
(3490, 'ETN 216602 M22-D-X PB (RED)', 'ETN 216602 M22-D-X PB (RED)', 0, 'eaton'),
(3491, 'ETN 218177 M22-XD-S-X11', 'ETN 218177 M22-XD-S-X11', 0, 'eaton'),
(3492, 'ETN 218194 M22-XD-R-GB0 RED STOP', 'ETN 218194 M22-XD-R-GB0 RED STOP', 0, 'eaton'),
(3493, 'ETN 221784 EMR4-F500-2 PSR', 'ETN 221784 EMR4-F500-2 PSR', 0, 'eaton'),
(3494, 'ETN 232290 B3.0/5-PKZ0', 'ETN 232290 B3.0/5-PKZ0', 0, 'eaton'),
(3495, 'ETN 235472 63A FP 300MA RCCB TYPE A', 'ETN 235472 63A FP 300MA RCCB TYPE A', 0, 'eaton'),
(3496, 'ETN 239480 DILM95 CONTA. 230/240V', 'ETN 239480 DILM95 CONTA. 230/240V', 0, 'eaton'),
(3497, 'ETN 242168 PLSMB2/1 SP2A B CURVE', 'ETN 242168 PLSMB2/1 SP2A B CURVE', 0, 'eaton'),
(3498, 'ETN 242229 PLSM-D16-MW', 'ETN 242229 PLSM-D16-MW', 0, 'eaton'),
(3499, 'ETN 242498 PLSM D20/3 TP20A MCB D CURVE', 'ETN 242498 PLSM D20/3 TP20A MCB D CURVE', 0, 'eaton'),
(3500, 'ETN 248949 Z-DST PARTITION PLATE', 'ETN 248949 Z-DST PARTITION PLATE', 0, 'eaton'),
(3501, 'ETN 260104 CI-PKZO-GRM', 'ETN 260104 CI-PKZO-GRM', 0, 'eaton'),
(3502, 'ETN 260166 NZM1-XTVD', 'ETN 260166 NZM1-XTVD', 0, 'eaton'),
(3503, 'ETN 261232 NZM1/2-XV4', 'ETN 261232 NZM1/2-XV4', 0, 'eaton'),
(3504, 'ETN 262510 M22-CK01/CL NC CONTACT', 'ETN 262510 M22-CK01/CL NC CONTACT', 0, 'eaton'),
(3505, 'ETN 263467 M22-PVTQ EME. PB', 'ETN 263467 M22-PVTQ EME. PB', 0, 'eaton'),
(3506, 'ETN 272253 NZMB1-A40-NA MCCB', 'ETN 272253 NZMB1-A40-NA MCCB', 0, 'eaton'),
(3507, 'ETN 276271 IS-40/2 DP 40A ISO', 'ETN 276271 IS-40/2 DP 40A ISO', 0, 'eaton'),
(3508, 'ETN 276329 DILA40 (230/240) AUX CONTACTOR', 'ETN 276329 DILA40 (230/240) AUX CONTACTOR', 0, 'eaton'),
(3509, 'ETN 276379 DILA31(24V DC)', 'ETN 276379 DILA31(24V DC)', 0, 'eaton'),
(3510, 'ETN 276414 DILA22(24V DC) AUX CONTACTOR', 'ETN 276414 DILA22(24V DC) AUX CONTACTOR', 0, 'eaton'),
(3511, 'ETN 276421 DILA-XHI11 BLOCK', 'ETN 276421 DILA-XHI11 BLOCK', 0, 'eaton'),
(3512, 'ETN 276424 DILA-XHI04 AUX CONTACT', 'ETN 276424 DILA-XHI04 AUX CONTACT', 0, 'eaton'),
(3513, 'ETN 276426 DILA-XHI22', 'ETN 276426 DILA-XHI22', 0, 'eaton'),
(3514, 'ETN 276565 DILM7-10 (24V DC)', 'ETN 276565 DILM7-10 (24V DC)', 0, 'eaton'),
(3515, 'ETN 276705 DILM9-10 24V DC', 'ETN 276705 DILM9-10 24V DC', 0, 'eaton'),
(3516, 'ETN 276733 DILM 0901', 'ETN 276733 DILM 0901', 0, 'eaton'),
(3517, 'ETN 276740 DILM9-01 24V DC', 'ETN 276740 DILM9-01 24V DC', 0, 'eaton'),
(3518, 'ETN 276830 DILM12-10(230/240) CONTACTOR', 'ETN 276830 DILM12-10(230/240) CONTACTOR', 0, 'eaton'),
(3519, 'ETN 276833 CONTACTOR DILM12-10 415V 50HZ', 'ETN 276833 CONTACTOR DILM12-10 415V 50HZ', 0, 'eaton'),
(3520, 'ETN 276869 DILM12-01 CONT. 24V 50/60HZ', 'ETN 276869 DILM12-01 CONT. 24V 50/60HZ', 0, 'eaton'),
(3521, 'ETN 277003 DILM 1710', 'ETN 277003 DILM 1710', 0, 'eaton'),
(3522, 'ETN 277012  DILM 17-10(230V50/60HZ)', 'ETN 277012  DILM 17-10(230V50/60HZ)', 0, 'eaton'),
(3523, 'ETN 277018 DILM17-10 CONT.24V DC', 'ETN 277018 DILM17-10 CONT.24V DC', 0, 'eaton'),
(3524, 'ETN 277036 DILM17-01 CONT. 230-240V', 'ETN 277036 DILM17-01 CONT. 230-240V', 0, 'eaton'),
(3525, 'ETN 277172 DILM 25-01, CONTACTOR 230V 50/60HZ', 'ETN 277172 DILM 25-01, CONTACTOR 230V 50/60HZ', 0, 'eaton'),
(3526, 'ETN 277274 DILM32-10(RDC24)', 'ETN 277274 DILM32-10(RDC24)', 0, 'eaton'),
(3527, 'ETN 277376  DILM32-XHI11', 'ETN 277376  DILM32-XHI11', 0, 'eaton'),
(3528, 'ETN 277780 DILM40 (RDC24) 40A TP CONTACTOR', 'ETN 277780 DILM40 (RDC24) 40A TP CONTACTOR', 0, 'eaton'),
(3529, 'ETN 277830 DILM50 CONTACTOR  230V', 'ETN 277830 DILM50 CONTACTOR  230V', 0, 'eaton'),
(3530, 'ETN 277949 DILM150-XHI31 AUX 3NO+1NC', 'ETN 277949 DILM150-XHI31 AUX 3NO+1NC', 0, 'eaton'),
(3531, 'ETN 278434 ZB12-0.6 OLR FOR DILM7-15', 'ETN 278434 ZB12-0.6 OLR FOR DILM7-15', 0, 'eaton'),
(3532, 'ETN 278486 PKZM0-12 8-12A MPCB', 'ETN 278486 PKZM0-12 8-12A MPCB', 0, 'eaton'),
(3533, 'ETN 278553 SP4A MCB FAZ-C4/1', 'ETN 278553 SP4A MCB FAZ-C4/1', 0, 'eaton'),
(3534, 'ETN 278555 SP6A MCB FAZ-C6/1', 'ETN 278555 SP6A MCB FAZ-C6/1', 0, 'eaton'),
(3535, 'ETN 278752 DP4A MCB FAZ-C4/2', 'ETN 278752 DP4A MCB FAZ-C4/2', 0, 'eaton'),
(3536, 'ETN 278873 TP16A MCB FAZ-C16/3', 'ETN 278873 TP16A MCB FAZ-C16/3', 0, 'eaton'),
(3537, 'ETN 280963 AUX CONT P5, 125A', 'ETN 280963 AUX CONT P5, 125A', 0, 'eaton'),
(3538, 'ETN 281202 DILM32-XSPR48 RC-SUP', 'ETN 281202 DILM32-XSPR48 RC-SUP', 0, 'eaton'),
(3539, 'ETN 281206 DILM95-XSPR240 RC-SUP', 'ETN 281206 DILM95-XSPR240 RC-SUP', 0, 'eaton'),
(3540, 'ETN 283390 PKZM01-16 MPCB', 'ETN 283390 PKZM01-16 MPCB', 0, 'eaton'),
(3541, 'ETN 286052 ZP-IHK SWITCH AUXILLAR', 'ETN 286052 ZP-IHK SWITCH AUXILLAR', 0, 'eaton'),
(3542, 'ETN 286054 FAZ-XHIN11 AUX', 'ETN 286054 FAZ-XHIN11 AUX', 0, 'eaton'),
(3543, 'ETN 288893 PKZM01-25 MPCB  20-25A PB', 'ETN 288893 PKZM01-25 MPCB  20-25A PB', 0, 'eaton'),
(3544, 'ETN 294791 PFL-10-16/1N/C/003', 'ETN 294791 PFL-10-16/1N/C/003', 0, 'eaton'),
(3545, 'ETN 32720 BK25/3-PKZO', 'ETN 32720 BK25/3-PKZO', 0, 'eaton'),
(3546, 'ETN 43619 T0-2-1/V/SVB', 'ETN 43619 T0-2-1/V/SVB', 0, 'eaton'),
(3547, 'ETN 44948 B3 1.5 PKZ0 BUSBAR', 'ETN 44948 B3 1.5 PKZ0 BUSBAR', 0, 'eaton'),
(3548, 'ETN 56335 P1-25/V/SVB MAIN SWITCH', 'ETN 56335 P1-25/V/SVB MAIN SWITCH', 0, 'eaton'),
(3549, 'ETN 61813 HI11-P1/P3E  ACC.CIR', 'ETN 61813 HI11-P1/P3E  ACC.CIR', 0, 'eaton'),
(3550, 'ETN 63960 B3 0/4-PKZ0', 'ETN 63960 B3 0/4-PKZ0', 0, 'eaton'),
(3551, 'ETN 72907 HOD E-PKZ0-G 72907', 'ETN 72907 HOD E-PKZ0-G 72907', 0, 'eaton'),
(3552, 'ETN 82882 AUX NHI-E11', 'ETN 82882 AUX NHI-E11', 0, 'eaton'),
(3553, 'ETN 88914 PKZM0-4-T 2.5 TO 4A', 'ETN 88914 PKZM0-4-T 2.5 TO 4A', 0, 'eaton'),
(3554, 'ETN AUX. NHI-E-11-PkZ0 72896', 'ETN AUX. NHI-E-11-PkZ0 72896', 0, 'eaton'),
(3555, 'ETN BLANKING PLUGS 216390', 'ETN BLANKING PLUGS 216390', 0, 'eaton'),
(3556, 'ETN BUSBAR 4 WAY MPCB 044947', 'ETN BUSBAR 4 WAY MPCB 044947', 0, 'eaton'),
(3557, 'ETN C0300E2AFB TRANSFORMER 250VA', 'ETN C0300E2AFB TRANSFORMER 250VA', 0, 'eaton'),
(3558, 'ETN C1000K2CXX TRANSFORMER 1KVA', 'ETN C1000K2CXX TRANSFORMER 1KVA', 0, 'eaton'),
(3559, 'ETN C25LNE3360A 360A TP CONTACTOR', 'ETN C25LNE3360A 360A TP CONTACTOR', 0, 'eaton'),
(3560, 'ETN CN15NN3A 135A TP CONTACTOT 120V AC COIL', 'ETN CN15NN3A 135A TP CONTACTOT 120V AC COIL', 0, 'eaton'),
(3561, 'ETN CONTACTOR DILM40 (277765) 220V', 'ETN CONTACTOR DILM40 (277765) 220V', 0, 'eaton'),
(3562, 'ETN CONT. DILM12-10(276829)220V', 'ETN CONT. DILM12-10(276829)220V', 0, 'eaton'),
(3563, 'ETN CONT. DILM32-10(277259)220V', 'ETN CONT. DILM32-10(277259)220V', 0, 'eaton'),
(3564, 'ETN CONT. RELAY DILA-22(276398)220V', 'ETN CONT. RELAY DILA-22(276398)220V', 0, 'eaton'),
(3565, 'ETN CONTROL RELAY 127082', 'ETN CONTROL RELAY 127082', 0, 'eaton'),
(3566, 'ETN CUTLER HAMMER CONTACT KIT 6-26-2 for B1 AN16NN', 'ETN CUTLER HAMMER CONTACT KIT 6-26-2 for B1 AN16NNO', 0, 'eaton'),
(3567, 'ETN DILA22 230/240V 276399', 'ETN DILA22 230/240V 276399', 0, 'eaton'),
(3568, 'ETN DILA-31 230VAC 276372', 'ETN DILA-31 230VAC 276372', 0, 'eaton'),
(3569, 'ETN DILA-31 (24VAC) 276351', 'ETN DILA-31 (24VAC) 276351', 0, 'eaton'),
(3570, 'ETN DILA-40 24V DC 276344', 'ETN DILA-40 24V DC 276344', 0, 'eaton'),
(3571, 'ETN DILA-XHI20 2N0 TOP MTD AUX CONT 276422', 'ETN DILA-XHI20 2N0 TOP MTD AUX CONT 276422', 0, 'eaton'),
(3572, 'ETN DILEEM-10-G 24V DC 51643', 'ETN DILEEM-10-G 24V DC 51643', 0, 'eaton'),
(3573, 'ETN DILER-31-G MINI CONT 24VDC 10157', 'ETN DILER-31-G MINI CONT 24VDC 10157', 0, 'eaton'),
(3574, 'ETN DILM115(RAC240) 239548', 'ETN DILM115(RAC240) 239548', 0, 'eaton'),
(3575, 'ETN DILM12-01 230V AC 276873', 'ETN DILM12-01 230V AC 276873', 0, 'eaton'),
(3576, 'ETN DILM12-01 CONT. 24V DC 276880', 'ETN DILM12-01 CONT. 24V DC 276880', 0, 'eaton'),
(3577, 'ETN DILM15-01 CONT. 24V DC 290108', 'ETN DILM15-01 CONT. 24V DC 290108', 0, 'eaton'),
(3578, 'ETN DILM150(RAC240) 150A TP CONTACTOR 239588', 'ETN DILM150(RAC240) 150A TP CONTACTOR 239588', 0, 'eaton'),
(3579, 'ETN DILM150-XHI22 277950', 'ETN DILM150-XHI22 277950', 0, 'eaton'),
(3580, 'ETN DILM150-XHIA22 283464', 'ETN DILM150-XHIA22 283464', 0, 'eaton'),
(3581, 'ETN DILM150-XRL  REVERSING KIT 101681', 'ETN DILM150-XRL  REVERSING KIT 101681', 0, 'eaton'),
(3582, 'ETN DILM 17-10(110V50/60HZ)  277010', 'ETN DILM 17-10(110V50/60HZ)  277010', 0, 'eaton'),
(3583, 'ETN DILM17-10 24V  CONT. 276991', 'ETN DILM17-10 24V  CONT. 276991', 0, 'eaton'),
(3584, 'ETN DILM185/22(RAC240) TP CONT. 139537', 'ETN DILM185/22(RAC240) TP CONT. 139537', 0, 'eaton'),
(3585, 'ETN DILM25-01 24V AC 277168', 'ETN DILM25-01 24V AC 277168', 0, 'eaton'),
(3586, 'ETN  DILM25-10 220/230v 50/60hz (277132)', 'ETN  DILM25-10 220/230v 50/60hz (277132)', 0, 'eaton'),
(3587, 'ETN DILM25-10 220V50 240V60 HZ 277131', 'ETN DILM25-10 220V50 240V60 HZ 277131', 0, 'eaton'),
(3588, 'ETN DILM25-10  CONT.(277136) 24V AC', 'ETN DILM25-10  CONT.(277136) 24V AC', 0, 'eaton'),
(3589, 'ETN DILM25-10  CONT.(277146) 24V DC', 'ETN DILM25-10  CONT.(277146) 24V DC', 0, 'eaton'),
(3590, 'ETN DILM32-01(RDC24)  277306', 'ETN DILM32-01(RDC24)  277306', 0, 'eaton'),
(3591, 'ETN DILM32-10 110V AC 277266', 'ETN DILM32-10 110V AC 277266', 0, 'eaton'),
(3592, 'ETN DILM32-10 230V 277268', 'ETN DILM32-10 230V 277268', 0, 'eaton'),
(3593, 'ETN DILM32-XHI31  106112', 'ETN DILM32-XHI31  106112', 0, 'eaton'),
(3594, 'ETN DIL M32-XHIC22 AUX CON BLK 277752', 'ETN DIL M32-XHIC22 AUX CON BLK 277752', 0, 'eaton'),
(3595, 'ETN DILM32-XRL REVERSING WIRING KIT 283109', 'ETN DILM32-XRL REVERSING WIRING KIT 283109', 0, 'eaton'),
(3596, 'ETN DIL M32-XTEE TIMER MODULE 1-100 SEC 101442', 'ETN DIL M32-XTEE TIMER MODULE 1-100 SEC 101442', 0, 'eaton'),
(3597, 'ETN DILM400/22  208209', 'ETN DILM400/22  208209', 0, 'eaton'),
(3598, 'ETN DILM400-XHB TERMINAL COVER 208287', 'ETN DILM400-XHB TERMINAL COVER 208287', 0, 'eaton'),
(3599, 'ETN DILM50 CONTACTOR 277829', 'ETN DILM50 CONTACTOR 277829', 0, 'eaton'),
(3600, 'ETN DILM65 CONTACTOR  220-240V 277893', 'ETN DILM65 CONTACTOR  220-240V 277893', 0, 'eaton'),
(3601, 'ETN DILM65 CONTACTOR  230V 277894', 'ETN DILM65 CONTACTOR  230V 277894', 0, 'eaton'),
(3602, 'ETN DILM80 80A TP CONTACTOR 239410', 'ETN DILM80 80A TP CONTACTOR 239410', 0, 'eaton'),
(3603, 'ETN DILM9-10(276689) 9A WITH 1 NO 230/240V 50/60HZ', 'ETN DILM9-10(276689) 9A WITH 1 NO 230/240V 50/60HZ', 0, 'eaton'),
(3604, 'ETN DILM95 CONTACTOR 239479', 'ETN DILM95 CONTACTOR 239479', 0, 'eaton'),
(3605, 'ETN DILMC9-01 9A CONTACTOR 230V 277485', 'ETN DILMC9-01 9A CONTACTOR 230V 277485', 0, 'eaton'),
(3606, 'ETN DILMS7-23 (24V DC) 191761', 'ETN DILMS7-23 (24V DC) 191761', 0, 'eaton'),
(3607, 'ETN DP 10A MCB FAZ-C10/2 (102167)', 'ETN DP 10A MCB FAZ-C10/2 (102167)', 0, 'eaton'),
(3608, 'ETN DP10A MCB FAZ-D10/2 -RT 102227', 'ETN DP10A MCB FAZ-D10/2 -RT 102227', 0, 'eaton'),
(3609, 'ETN DP 10A MCB FAZ-K10/2  278796', 'ETN DP 10A MCB FAZ-K10/2  278796', 0, 'eaton'),
(3610, 'ETN DP13A MCB FAZ-C13/2 278758', 'ETN DP13A MCB FAZ-C13/2 278758', 0, 'eaton'),
(3611, 'ETN DP15A MCB FAZ-C15/2-NA 102169', 'ETN DP15A MCB FAZ-C15/2-NA 102169', 0, 'eaton'),
(3612, 'ETN DP15A MCB FAZ-C15/2-RT 102209', 'ETN DP15A MCB FAZ-C15/2-RT 102209', 0, 'eaton'),
(3613, 'ETN DP16A MCB FAZ-D16/2-RT 102230', 'ETN DP16A MCB FAZ-D16/2-RT 102230', 0, 'eaton'),
(3614, 'ETN DP 16A MCB FAZ-K16/2(278798)', 'ETN DP 16A MCB FAZ-K16/2(278798)', 0, 'eaton'),
(3615, 'ETN DP 16A MCB PLSM-C16/2 242405', 'ETN DP 16A MCB PLSM-C16/2 242405', 0, 'eaton'),
(3616, 'ETN DP20A MCB FAZ-C20/2 102211', 'ETN DP20A MCB FAZ-C20/2 102211', 0, 'eaton'),
(3617, 'ETN DP20A MCB FAZ-C20/2 278761', 'ETN DP20A MCB FAZ-C20/2 278761', 0, 'eaton'),
(3618, 'ETN DP20A MCB FAZ-D20/2-RT 102231', 'ETN DP20A MCB FAZ-D20/2-RT 102231', 0, 'eaton'),
(3619, 'ETN DP20A MCB FAZ-K20/2 278799', 'ETN DP20A MCB FAZ-K20/2 278799', 0, 'eaton'),
(3620, 'ETN DP 20A MCB PLSM-C20/2 242406', 'ETN DP 20A MCB PLSM-C20/2 242406', 0, 'eaton'),
(3621, 'ETN DP25A MCB FAZ-K25/2  278800', 'ETN DP25A MCB FAZ-K25/2  278800', 0, 'eaton'),
(3622, 'ETN DP 25A MCB PLSM-C25/2  242407', 'ETN DP 25A MCB PLSM-C25/2  242407', 0, 'eaton'),
(3623, 'ETN DP25A MCB PLSM-D25/2-MW  242430', 'ETN DP25A MCB PLSM-D25/2-MW  242430', 0, 'eaton'),
(3624, 'ETN DP2A MCB PLSM-C2/2 242393', 'ETN DP2A MCB PLSM-C2/2 242393', 0, 'eaton'),
(3625, 'ETN DP32A MCB FAZ-C32/2 278763', 'ETN DP32A MCB FAZ-C32/2 278763', 0, 'eaton'),
(3626, 'ETN DP 32A MCB PLSM-C32/2 242408', 'ETN DP 32A MCB PLSM-C32/2 242408', 0, 'eaton'),
(3627, 'ETN DP32A MCB PLSM-D32/2-MW 242431', 'ETN DP32A MCB PLSM-D32/2-MW 242431', 0, 'eaton'),
(3628, 'ETN DP3A MCB FAZ-K3/2 278792', 'ETN DP3A MCB FAZ-K3/2 278792', 0, 'eaton'),
(3629, 'ETN DP4A MCB FAZ-C4/2-RT 102202', 'ETN DP4A MCB FAZ-C4/2-RT 102202', 0, 'eaton'),
(3630, 'ETN DP 4A MCB FAZ-K4/2 278793', 'ETN DP 4A MCB FAZ-K4/2 278793', 0, 'eaton'),
(3631, 'ETN DP4A MCB PLSM-C4/2 242397', 'ETN DP4A MCB PLSM-C4/2 242397', 0, 'eaton'),
(3632, 'ETN DP4A MCB PLSM D4/2  242420', 'ETN DP4A MCB PLSM D4/2  242420', 0, 'eaton'),
(3633, 'ETN DP6A MCB FAZ-C6/2 278754', 'ETN DP6A MCB FAZ-C6/2 278754', 0, 'eaton'),
(3634, 'ETN DP 6A MCB FAZ-C6/2-NA  (102164)', 'ETN DP 6A MCB FAZ-C6/2-NA  (102164)', 0, 'eaton'),
(3635, 'ETN DP 6A MCB FAZ-K6/2(278794)', 'ETN DP 6A MCB FAZ-K6/2(278794)', 0, 'eaton'),
(3636, 'ETN DP6A MCB PLSM-C6/2 242399', 'ETN DP6A MCB PLSM-C6/2 242399', 0, 'eaton'),
(3637, 'ETN DP6A MCB PLSM D6/2 242422', 'ETN DP6A MCB PLSM D6/2 242422', 0, 'eaton'),
(3638, 'ETN DP8A MCB FAZ-C8/2-RT 102206', 'ETN DP8A MCB FAZ-C8/2-RT 102206', 0, 'eaton'),
(3639, 'ETN DP8A MCB FAZ-Z8/2 278823', 'ETN DP8A MCB FAZ-Z8/2 278823', 0, 'eaton'),
(3640, 'ETN DP DC 32A PLS6-C32/2-DC-MW 243138', 'ETN DP DC 32A PLS6-C32/2-DC-MW 243138', 0, 'eaton'),
(3641, 'ETN DP DC 50A MCB PLS6-C50/2-DC MW 243140', 'ETN DP DC 50A MCB PLS6-C50/2-DC MW 243140', 0, 'eaton'),
(3642, 'ETN E49G31VP3 LIMIT SWITCH WOBBLE STICK', 'ETN E49G31VP3 LIMIT SWITCH WOBBLE STICK', 0, 'eaton'),
(3643, 'ETN E50KL226 LIMIT SWITCH ADJUSTABLE ROD', 'ETN E50KL226 LIMIT SWITCH ADJUSTABLE ROD', 0, 'eaton'),
(3644, 'ETN E50KL599 ADJUSTABLE ROLLER', 'ETN E50KL599 ADJUSTABLE ROLLER', 0, 'eaton'),
(3645, 'ETN EMR6-R250-A-1 184772', 'ETN EMR6-R250-A-1 184772', 0, 'eaton'),
(3646, 'ETN ETR4-69-A, YZ-31891 TIMING RELAY', 'ETN ETR4-69-A, YZ-31891 TIMING RELAY', 0, 'eaton'),
(3647, 'ETN FAK-S/KC11/I PALM SW BLK  229749', 'ETN FAK-S/KC11/I PALM SW BLK  229749', 0, 'eaton'),
(3648, 'ETN FP100A MCB 248092', 'ETN FP100A MCB 248092', 0, 'eaton'),
(3649, 'ETN FP10A MCB FAZ-D10/4 279080', 'ETN FP10A MCB FAZ-D10/4 279080', 0, 'eaton'),
(3650, 'ETN FP125A MCB PLHT-C125/4 248093', 'ETN FP125A MCB PLHT-C125/4 248093', 0, 'eaton'),
(3651, 'ETN FP16A MCB FAZ-C16/4 279061', 'ETN FP16A MCB FAZ-C16/4 279061', 0, 'eaton'),
(3652, 'ETN FP 16A MCB PLSMC16/4 242612', 'ETN FP 16A MCB PLSMC16/4 242612', 0, 'eaton'),
(3653, 'ETN FP20A MCB FAZ-D20/4 279085', 'ETN FP20A MCB FAZ-D20/4 279085', 0, 'eaton'),
(3654, 'ETN FP 25A MCB PLSM-C25/4 242614', 'ETN FP 25A MCB PLSM-C25/4 242614', 0, 'eaton'),
(3655, 'ETN FP 40A MCB PLSM-C40/4 242616', 'ETN FP 40A MCB PLSM-C40/4 242616', 0, 'eaton'),
(3656, 'ETN FP63A MCB PLHT-C63/4 248090', 'ETN FP63A MCB PLHT-C63/4 248090', 0, 'eaton'),
(3657, 'ETN FP 63A MCB PLSM-C63 242618', 'ETN FP 63A MCB PLSM-C63 242618', 0, 'eaton'),
(3658, 'ETN FP 80A MCB PLHT-C80/4, 248091', 'ETN FP 80A MCB PLHT-C80/4, 248091', 0, 'eaton'),
(3659, 'ETN HMCP050K2 50A TP MCCB MOTOR PRTECTION', 'ETN HMCP050K2 50A TP MCCB MOTOR PRTECTION', 0, 'eaton'),
(3660, 'ETN HMCP150T4  CH MCCB', 'ETN HMCP150T4  CH MCCB', 0, 'eaton'),
(3661, 'ETN HMCP250W5C 50A TP MCCB MOTOR PROTECTION', 'ETN HMCP250W5C 50A TP MCCB MOTOR PROTECTION', 0, 'eaton'),
(3662, 'ETN HMCP400X5C  400A MCCB CUTLER HAMMER', 'ETN HMCP400X5C  400A MCCB CUTLER HAMMER', 0, 'eaton'),
(3663, 'ETN H-P1 3 POLE TERMINAL COVER 17253', 'ETN H-P1 3 POLE TERMINAL COVER 17253', 0, 'eaton'),
(3664, 'ETN M22A4 279437 ADAPTER', 'ETN M22A4 279437 ADAPTER', 0, 'eaton'),
(3665, 'ETN M22-A FIXING ADAP. 216374', 'ETN M22-A FIXING ADAP. 216374', 0, 'eaton'),
(3666, 'ETN M22-AMC BUZZER 229015', 'ETN M22-AMC BUZZER 229015', 0, 'eaton'),
(3667, 'ETN M22-CK01 NC ELEMENT 216385', 'ETN M22-CK01 NC ELEMENT 216385', 0, 'eaton'),
(3668, 'ETN M22-CK10 NO  ELEMENT 216384 (N)', 'ETN M22-CK10 NO  ELEMENT 216384 (N)', 0, 'eaton'),
(3669, 'ETN M22 CK11  107940', 'ETN M22 CK11  107940', 0, 'eaton'),
(3670, 'ETN M22-CLED-W WHITE ELEMENT 216569', 'ETN M22-CLED-W WHITE ELEMENT 216569', 0, 'eaton'),
(3671, 'ETN M22-D4-S-X7 286336 JOY STICK', 'ETN M22-D4-S-X7 286336 JOY STICK', 0, 'eaton'),
(3672, 'ETN M22-D-B PUSH B BLUE  216600', 'ETN M22-D-B PUSH B BLUE  216600', 0, 'eaton'),
(3673, 'ETN M22-DDL-GR-XI/X0  216700', 'ETN M22-DDL-GR-XI/X0  216700', 0, 'eaton'),
(3674, 'ETN M22-D-G PUSH BUTTON GREEN 216596', 'ETN M22-D-G PUSH BUTTON GREEN 216596', 0, 'eaton'),
(3675, 'ETN M22-D-G-XI GREEN PB 216698', 'ETN M22-D-G-XI GREEN PB 216698', 0, 'eaton'),
(3676, 'ETN M22-DH-R PROJECTED HEAD PB IP69 216641', 'ETN M22-DH-R PROJECTED HEAD PB IP69 216641', 0, 'eaton'),
(3677, 'ETN M22-DL-B  216931', 'ETN M22-DL-B  216931', 0, 'eaton'),
(3678, 'ETN M22-D-L-G 216927', 'ETN M22-D-L-G 216927', 0, 'eaton'),
(3679, 'ETN M22-DL-W 216922', 'ETN M22-DL-W 216922', 0, 'eaton'),
(3680, 'ETN M22-DP-S BLACK MUSHROOM PB MMT 216712', 'ETN M22-DP-S BLACK MUSHROOM PB MMT 216712', 0, 'eaton'),
(3681, 'ETN M22-D-S PUSH BUTTON BK 216590', 'ETN M22-D-S PUSH BUTTON BK 216590', 0, 'eaton'),
(3682, 'ETN M22-D-S-X0 BLACK O  216609', 'ETN M22-D-S-X0 BLACK O  216609', 0, 'eaton'),
(3683, 'ETN M22-D-W PUSH BUTTON WHITE 216592', 'ETN M22-D-W PUSH BUTTON WHITE 216592', 0, 'eaton'),
(3684, 'ETN M22-D-W-X1 PUSH B( 216611)', 'ETN M22-D-W-X1 PUSH B( 216611)', 0, 'eaton'),
(3685, 'ETN M22-D-Y PUSH BUTTON YELLOW  216598', 'ETN M22-D-Y PUSH BUTTON YELLOW  216598', 0, 'eaton'),
(3686, 'ETN M22-ES-MS1 SPARE KEY 216416', 'ETN M22-ES-MS1 SPARE KEY 216416', 0, 'eaton'),
(3687, 'ETN M22-ES-MS2 SPARE KEY 111764', 'ETN M22-ES-MS2 SPARE KEY 111764', 0, 'eaton'),
(3688, 'ETN M22-ES-MS3 SPARE KEY 111766', 'ETN M22-ES-MS3 SPARE KEY 111766', 0, 'eaton'),
(3689, 'ETN M22-I3 SF. MTG ENCL(216538)', 'ETN M22-I3 SF. MTG ENCL(216538)', 0, 'eaton'),
(3690, 'ETN M22-IY1 SF. MTG ENCL(216536)', 'ETN M22-IY1 SF. MTG ENCL(216536)', 0, 'eaton'),
(3691, 'ETN M22-K01 NC ELEMENT  216378', 'ETN M22-K01 NC ELEMENT  216378', 0, 'eaton'),
(3692, 'ETN M22-K10 216376', 'ETN M22-K10 216376', 0, 'eaton'),
(3693, 'ETN M22-KC01 216382 1NO BASE MTD', 'ETN M22-KC01 216382 1NO BASE MTD', 0, 'eaton'),
(3694, 'ETN M22-KC10 216380', 'ETN M22-KC10 216380', 0, 'eaton'),
(3695, 'ETN M22-L-B 216775', 'ETN M22-L-B 216775', 0, 'eaton'),
(3696, 'ETN M22-LED230-R ELEMENT RED 216564', 'ETN M22-LED230-R ELEMENT RED 216564', 0, 'eaton'),
(3697, 'ETN M22-LED230-W 216563', 'ETN M22-LED230-W 216563', 0, 'eaton'),
(3698, 'ETN M22-LED-B  LED BLUE 218057', 'ETN M22-LED-B  LED BLUE 218057', 0, 'eaton'),
(3699, 'ETN M22-LED-G 216559', 'ETN M22-LED-G 216559', 0, 'eaton'),
(3700, 'ETN M22-LED-R  216558', 'ETN M22-LED-R  216558', 0, 'eaton'),
(3701, 'ETN M22-LED-W WHITE ELEMENT  216557', 'ETN M22-LED-W WHITE ELEMENT  216557', 0, 'eaton'),
(3702, 'ETN M22-L-G 216773 GREEN FLAT', 'ETN M22-L-G 216773 GREEN FLAT', 0, 'eaton'),
(3703, 'ETN M22-L-R RED FLAT 216772', 'ETN M22-L-R RED FLAT 216772', 0, 'eaton'),
(3704, 'ETN M22-L-W WHITE LENS 216771', 'ETN M22-L-W WHITE LENS 216771', 0, 'eaton'),
(3705, 'ETN M22-PV EMERGENCY STOP 216876', 'ETN M22-PV EMERGENCY STOP 216876', 0, 'eaton'),
(3706, 'ETN M22-PVL RED MUSHROOM HEAD PB WITH LED 216878', 'ETN M22-PVL RED MUSHROOM HEAD PB WITH LED 216878', 0, 'eaton'),
(3707, 'ETN M22-PVS45P-RS EME STOP 121466', 'ETN M22-PVS45P-RS EME STOP 121466', 0, 'eaton'),
(3708, 'ETN M22-PVS LOCK PB 216879', 'ETN M22-PVS LOCK PB 216879', 0, 'eaton'),
(3709, 'ETN M22-R10K POTENTIOMETER 229491', 'ETN M22-R10K POTENTIOMETER 229491', 0, 'eaton'),
(3710, 'ETN M22-R1K POTEN.METER 229489', 'ETN M22-R1K POTEN.METER 229489', 0, 'eaton'),
(3711, 'ETN-M22-WK3 216870', 'ETN-M22-WK3 216870', 0, 'eaton'),
(3712, 'ETN M22-WK SEL SW 216865', 'ETN M22-WK SEL SW 216865', 0, 'eaton'),
(3713, 'ETN M22-WKV SEL. SWITCH (216874)', 'ETN M22-WKV SEL. SWITCH (216874)', 0, 'eaton'),
(3714, 'ETN M22-WRK (216867)', 'ETN M22-WRK (216867)', 0, 'eaton'),
(3715, 'ETN-M22-WRK3  216872', 'ETN-M22-WRK3  216872', 0, 'eaton'),
(3716, 'ETN M22-WRLK-Y 216829', 'ETN M22-WRLK-Y 216829', 0, 'eaton'),
(3717, 'ETN  M22-WRS-A1 KEY OP 2 POS PB 229092', 'ETN  M22-WRS-A1 KEY OP 2 POS PB 229092', 0, 'eaton'),
(3718, 'ETN M22-WRS ACTUATOR KEY(216887)', 'ETN M22-WRS ACTUATOR KEY(216887)', 0, 'eaton'),
(3719, 'ETN M22-WRS-MS2  KEY BUTTON 2POS 111778', 'ETN M22-WRS-MS2  KEY BUTTON 2POS 111778', 0, 'eaton'),
(3720, 'ETN M22-WRS-MS3 KEY BUTTON 3 POS 111781', 'ETN M22-WRS-MS3 KEY BUTTON 3 POS 111781', 0, 'eaton'),
(3721, 'ETN M22-WS 216881 KEY OP 2 POS', 'ETN M22-WS 216881 KEY OP 2 POS', 0, 'eaton'),
(3722, 'ETN M22-XAK11 EMERGENCY STOP PLATE  121085', 'ETN M22-XAK11 EMERGENCY STOP PLATE  121085', 0, 'eaton'),
(3723, 'ETN M22-XAMP  229028', 'ETN M22-XAMP  229028', 0, 'eaton'),
(3724, 'ETN M22-XBK1 LABEL(216483)', 'ETN M22-XBK1 LABEL(216483)', 0, 'eaton'),
(3725, 'ETN M22-XBK  269580  LABEL', 'ETN M22-XBK  269580  LABEL', 0, 'eaton'),
(3726, 'ETN M22-XD-B-X6 BUTTON PLATE \"R\" 218172', 'ETN M22-XD-B-X6 BUTTON PLATE \"R\" 218172', 0, 'eaton'),
(3727, 'ETN M22-XD-S-X17 BUTTON PLATE 218183', 'ETN M22-XD-S-X17 BUTTON PLATE 218183', 0, 'eaton'),
(3728, 'ETN M22-XD-S-X7 BUTTON PLATE \"ARROW\" 218173', 'ETN M22-XD-S-X7 BUTTON PLATE \"ARROW\" 218173', 0, 'eaton'),
(3729, 'ETN  M22-XG-PV 231273', 'ETN  M22-XG-PV 231273', 0, 'eaton'),
(3730, 'ETN MCCB 400A NZMN3-AE400  259114', 'ETN MCCB 400A NZMN3-AE400  259114', 0, 'eaton'),
(3731, 'ETN MPCB PKZM0-0.4 72732', 'ETN MPCB PKZM0-0.4 72732', 0, 'eaton'),
(3732, 'ETN MPCB PKZM0-0.63 072733', 'ETN MPCB PKZM0-0.63 072733', 0, 'eaton'),
(3733, 'ETN MPCB PKZM0-10 (72739)', 'ETN MPCB PKZM0-10 (72739)', 0, 'eaton'),
(3734, 'ETN MPCB PKZM01-10 (278484)', 'ETN MPCB PKZM01-10 (278484)', 0, 'eaton'),
(3735, 'ETN MPCB PKZM01-1.6  278480', 'ETN MPCB PKZM01-1.6  278480', 0, 'eaton'),
(3736, 'ETN MPCB PKZM01-6.3 (278483)', 'ETN MPCB PKZM01-6.3 (278483)', 0, 'eaton'),
(3737, 'ETN MPCB PKZM0-16   46938', 'ETN MPCB PKZM0-16   46938', 0, 'eaton'),
(3738, 'ETN MPCB PKZM0-1.6  72735', 'ETN MPCB PKZM0-1.6  72735', 0, 'eaton'),
(3739, 'ETN MPCB PKZM0-1 72734', 'ETN MPCB PKZM0-1 72734', 0, 'eaton'),
(3740, 'ETN MPCB PKZM0-20  46988', 'ETN MPCB PKZM0-20  46988', 0, 'eaton'),
(3741, 'ETN MPCB PKZM0-25 46989', 'ETN MPCB PKZM0-25 46989', 0, 'eaton'),
(3742, 'ETN MPCB PKZM0-2.5 72736', 'ETN MPCB PKZM0-2.5 72736', 0, 'eaton'),
(3743, 'ETN MPCB PKZM0-32 278489', 'ETN MPCB PKZM0-32 278489', 0, 'eaton'),
(3744, 'ETN MPCB PKZM0-4 (72737)', 'ETN MPCB PKZM0-4 (72737)', 0, 'eaton'),
(3745, 'ETN MPCB PKZM0-6.3 72738', 'ETN MPCB PKZM0-6.3 72738', 0, 'eaton'),
(3746, 'ETN MPCB PKZM0-6.3 -T  088915', 'ETN MPCB PKZM0-6.3 -T  088915', 0, 'eaton'),
(3747, 'ETN NHI12PKZ0 AUX SIDE MTD 2NO1NC 072895', 'ETN NHI12PKZ0 AUX SIDE MTD 2NO1NC 072895', 0, 'eaton'),
(3748, 'ETN NHI-E-11-PKZO 82882', 'ETN NHI-E-11-PKZO 82882', 0, 'eaton'),
(3749, 'ETN N-P1Z CONTACT BLOCK', 'ETN N-P1Z CONTACT BLOCK', 0, 'eaton'),
(3750, 'ETN NZM1/2-XV6 SHAFT 600mm 260191', 'ETN NZM1/2-XV6 SHAFT 600mm 260191', 0, 'eaton'),
(3751, 'ETN NZM1-4-XIP FP TERMINAL COVER  266745', 'ETN NZM1-4-XIP FP TERMINAL COVER  266745', 0, 'eaton'),
(3752, 'ETN NZM1-XIPK IP20 PROTECTION TP 266744', 'ETN NZM1-XIPK IP20 PROTECTION TP 266744', 0, 'eaton'),
(3753, 'ETN NZM1-XTVDVR ROH 260178', 'ETN NZM1-XTVDVR ROH 260178', 0, 'eaton'),
(3754, 'ETN NZM2-XAD250 BUSBAR ADAPTER 104555', 'ETN NZM2-XAD250 BUSBAR ADAPTER 104555', 0, 'eaton'),
(3755, 'ETN NZM2-XKSA 260038', 'ETN NZM2-XKSA 260038', 0, 'eaton'),
(3756, 'ETN NZM2-XSRM-L MAIN SW ASS KIT LEFT SIDE 266672', 'ETN NZM2-XSRM-L MAIN SW ASS KIT LEFT SIDE 266672', 0, 'eaton'),
(3757, 'ETN NZM3/4-XV4 261234', 'ETN NZM3/4-XV4 261234', 0, 'eaton'),
(3758, 'ETN NZM34XV6 260193 SHAFT FOR HOD', 'ETN NZM34XV6 260193 SHAFT FOR HOD', 0, 'eaton'),
(3759, 'ETN NZM3-XKSA TERMINAL COVER TP 260045', 'ETN NZM3-XKSA TERMINAL COVER TP 260045', 0, 'eaton'),
(3760, 'ETN NZM3-XTVD 260170', 'ETN NZM3-XTVD 260170', 0, 'eaton'),
(3761, 'ETN NZM3-XTVDVR ROH 260182', 'ETN NZM3-XTVDVR ROH 260182', 0, 'eaton'),
(3762, 'ETN NZM4-XU380-440V AC UVR 266194', 'ETN NZM4-XU380-440V AC UVR 266194', 0, 'eaton'),
(3763, 'ETN NZMB1A-63 63A TP MCCB 259077', 'ETN NZMB1A-63 63A TP MCCB 259077', 0, 'eaton'),
(3764, 'ETN NZMH1-4-A32 MCCB 284420', 'ETN NZMH1-4-A32 MCCB 284420', 0, 'eaton'),
(3765, 'ETN NZMH1-4-A40 MCCB 284422', 'ETN NZMH1-4-A40 MCCB 284422', 0, 'eaton'),
(3766, 'ETN NZMN1-A125  125A TP 50KA MCCB 259086', 'ETN NZMN1-A125  125A TP 50KA MCCB 259086', 0, 'eaton'),
(3767, 'ETN NZMN1-M100 TP MCCB 265722', 'ETN NZMN1-M100 TP MCCB 265722', 0, 'eaton'),
(3768, 'ETN NZMN1-M80 265721', 'ETN NZMN1-M80 265721', 0, 'eaton'),
(3769, 'ETN NZMN2-A200 200A TP MCCB 259093', 'ETN NZMN2-A200 200A TP MCCB 259093', 0, 'eaton'),
(3770, 'ETN NZMN2-M125 MCCB 265723', 'ETN NZMN2-M125 MCCB 265723', 0, 'eaton'),
(3771, 'ETN NZMN2-M160 160A TP MCCB TMA 265724', 'ETN NZMN2-M160 160A TP MCCB TMA 265724', 0, 'eaton'),
(3772, 'ETN P1-25-EA/SVB-SW  48365', 'ETN P1-25-EA/SVB-SW  48365', 0, 'eaton'),
(3773, 'ETN P1-32/M4/SVB  32A TP SWITCH 172865', 'ETN P1-32/M4/SVB  32A TP SWITCH 172865', 0, 'eaton'),
(3774, 'ETN P1/P3-M400 6MM METAL SHAFT 172844', 'ETN P1/P3-M400 6MM METAL SHAFT 172844', 0, 'eaton'),
(3775, 'ETN P3-100/EA/SVB ROTARY SWT 019890', 'ETN P3-100/EA/SVB ROTARY SWT 019890', 0, 'eaton'),
(3776, 'ETN PDG33M0250TFAJ 250A TP MCCB', 'ETN PDG33M0250TFAJ 250A TP MCCB', 0, 'eaton'),
(3777, 'ETN PI-32/E/SVB ROTARY SWT 081438', 'ETN PI-32/E/SVB ROTARY SWT 081438', 0, 'eaton'),
(3778, 'ETN PKZM0-16/NHI-11 MPCB WITH AUX 39423', 'ETN PKZM0-16/NHI-11 MPCB WITH AUX 39423', 0, 'eaton'),
(3779, 'ETN PN2-250 250A TP ISOLATOR 266007', 'ETN PN2-250 250A TP ISOLATOR 266007', 0, 'eaton'),
(3780, 'ETN PVT60P EME STOP PB 60 MM 121464', 'ETN PVT60P EME STOP PB 60 MM 121464', 0, 'eaton'),
(3781, 'ETN RCBO 10A SPN 30MA TYPE A 110404', 'ETN RCBO 10A SPN 30MA TYPE A 110404', 0, 'eaton'),
(3782, 'ETN RCBO 6A SPN 30MA TYPE A 110403', 'ETN RCBO 6A SPN 30MA TYPE A 110403', 0, 'eaton'),
(3783, 'ETN RCCB 100AFP300MA S/A 290220', 'ETN RCCB 100AFP300MA S/A 290220', 0, 'eaton'),
(3784, 'ETN RCCB 125A FP 1000MA S/A (170176)', 'ETN RCCB 125A FP 1000MA S/A (170176)', 0, 'eaton'),
(3785, 'ETN RCCB 125AFP300MA TYPE A 248811', 'ETN RCCB 125AFP300MA TYPE A 248811', 0, 'eaton'),
(3786, 'ETN RCCB 40A FP 300 B TYPE SELECTIVE 167901', 'ETN RCCB 40A FP 300 B TYPE SELECTIVE 167901', 0, 'eaton'),
(3787, 'ETN RCCB 40AFP 300MA PFIM40/4/03 235412', 'ETN RCCB 40AFP 300MA PFIM40/4/03 235412', 0, 'eaton'),
(3788, 'ETN RCCB 40AFP300MA TYPE A 235468', 'ETN RCCB 40AFP300MA TYPE A 235468', 0, 'eaton'),
(3789, 'ETN RCCB 40A FP 30MA 235410', 'ETN RCCB 40A FP 30MA 235410', 0, 'eaton'),
(3790, 'ETN RCCB 80AFP 300MA S/A 248830', 'ETN RCCB 80AFP 300MA S/A 248830', 0, 'eaton'),
(3791, 'ETN RCCB FP 80A 1000MA170175', 'ETN RCCB FP 80A 1000MA170175', 0, 'eaton'),
(3792, 'ETN RCCB FP 80A 300MA S/A 170171', 'ETN RCCB FP 80A 300MA S/A 170171', 0, 'eaton'),
(3793, 'ETN RCCB FRCDM-63/4/03-G/B 167898', 'ETN RCCB FRCDM-63/4/03-G/B 167898', 0, 'eaton'),
(3794, 'ETN RC FOR DILM 7-12(281199)', 'ETN RC FOR DILM 7-12(281199)', 0, 'eaton'),
(3795, 'ETN SP 10A FAZ-C10/1- NA 102087', 'ETN SP 10A FAZ-C10/1- NA 102087', 0, 'eaton'),
(3796, 'ETN SP10A MCB FAZ-C10/1 278557', 'ETN SP10A MCB FAZ-C10/1 278557', 0, 'eaton'),
(3797, 'ETN SP 10A MCB FAZ-K10/1 278597', 'ETN SP 10A MCB FAZ-K10/1 278597', 0, 'eaton'),
(3798, 'ETN SP 10A MCB FAZ-Z10/1 278625', 'ETN SP 10A MCB FAZ-Z10/1 278625', 0, 'eaton'),
(3799, 'ETN SP 10A MCB PLSM-C10  242202', 'ETN SP 10A MCB PLSM-C10  242202', 0, 'eaton'),
(3800, 'ETN SP 16 MCB PLSMC16 242206', 'ETN SP 16 MCB PLSMC16 242206', 0, 'eaton'),
(3801, 'ETN SP 1A MCB FAZ-K1/1 278590', 'ETN SP 1A MCB FAZ-K1/1 278590', 0, 'eaton'),
(3802, 'ETN SP20A MCB PLSM-C20 242207', 'ETN SP20A MCB PLSM-C20 242207', 0, 'eaton'),
(3803, 'ETN SP25A MCB FAZ-K25/1 278601', 'ETN SP25A MCB FAZ-K25/1 278601', 0, 'eaton'),
(3804, 'ETN SP 25A MCB FAZ-Z25/1 278628', 'ETN SP 25A MCB FAZ-Z25/1 278628', 0, 'eaton'),
(3805, 'ETN SP 25A MCB PLSM-B 242182', 'ETN SP 25A MCB PLSM-B 242182', 0, 'eaton'),
(3806, 'ETN SP 25A MCB PLSM-C25  242208', 'ETN SP 25A MCB PLSM-C25  242208', 0, 'eaton'),
(3807, 'ETN SP2A MCB FAZ-C2/1 278549', 'ETN SP2A MCB FAZ-C2/1 278549', 0, 'eaton'),
(3808, 'ETN SP 2A MCB FAZK2/1   278592', 'ETN SP 2A MCB FAZK2/1   278592', 0, 'eaton'),
(3809, 'ETN SP 2A MCB FAZ-Z2/1 (278620)', 'ETN SP 2A MCB FAZ-Z2/1 (278620)', 0, 'eaton'),
(3810, 'ETN SP 2A MCB PLSM-C2 (242194)', 'ETN SP 2A MCB PLSM-C2 (242194)', 0, 'eaton'),
(3811, 'ETN SP32A FAZ-Z32/1 278629', 'ETN SP32A FAZ-Z32/1 278629', 0, 'eaton'),
(3812, 'ETN SP32A MCB PLSM C32/1 242209', 'ETN SP32A MCB PLSM C32/1 242209', 0, 'eaton'),
(3813, 'ETN SP 4A MCB FAZ-K4/1(278594)', 'ETN SP 4A MCB FAZ-K4/1(278594)', 0, 'eaton'),
(3814, 'ETN SP 4A MCB PLSM-B4-MW (242172)', 'ETN SP 4A MCB PLSM-B4-MW (242172)', 0, 'eaton'),
(3815, 'ETN SP4A MCB PLSM-C4 242198', 'ETN SP4A MCB PLSM-C4 242198', 0, 'eaton'),
(3816, 'ETN SP4A MCB PLSM-D4/1-MW 242221', 'ETN SP4A MCB PLSM-D4/1-MW 242221', 0, 'eaton'),
(3817, 'ETN SP 50A MCB FAZK50/1 278604', 'ETN SP 50A MCB FAZK50/1 278604', 0, 'eaton'),
(3818, 'ETN SP63A MCB PLSMC63-MW 242212', 'ETN SP63A MCB PLSMC63-MW 242212', 0, 'eaton'),
(3819, 'ETN SP 6A MCB FAZ-K6/1(278595)', 'ETN SP 6A MCB FAZ-K6/1(278595)', 0, 'eaton'),
(3820, 'ETN SP 6A MCB FAZ-Z6/1 278623', 'ETN SP 6A MCB FAZ-Z6/1 278623', 0, 'eaton'),
(3821, 'ETN SP6A MCB PLSMC6 242200', 'ETN SP6A MCB PLSMC6 242200', 0, 'eaton'),
(3822, 'ETN SP6A MCB TYPE B PLSM-B6  242174', 'ETN SP6A MCB TYPE B PLSM-B6  242174', 0, 'eaton'),
(3823, 'ETN SWITCH 125A TP 280911', 'ETN SWITCH 125A TP 280911', 0, 'eaton'),
(3824, 'ETN TO-2-1/EA/SVB 38873 PANEL MTD ISOLATOR', 'ETN TO-2-1/EA/SVB 38873 PANEL MTD ISOLATOR', 0, 'eaton'),
(3825, 'ETN TO-3-8401/EZ  20A REVERSING SWITCH 091047', 'ETN TO-3-8401/EZ  20A REVERSING SWITCH 091047', 0, 'eaton'),
(3826, 'ETN TO-4-8440/E 20A MULTI SPEED SWITCH', 'ETN TO-4-8440/E 20A MULTI SPEED SWITCH', 0, 'eaton'),
(3827, 'ETN TP 10A MCB FAZ-C10/3 NA 102247', 'ETN TP 10A MCB FAZ-C10/3 NA 102247', 0, 'eaton'),
(3828, 'ETN TP 10A MCB  FAZK10/3  278909', 'ETN TP 10A MCB  FAZK10/3  278909', 0, 'eaton'),
(3829, 'ETN TP10A MCB PLSMC10/3 242470', 'ETN TP10A MCB PLSMC10/3 242470', 0, 'eaton'),
(3830, 'ETN TP 16A MCB FAZ-K16/3(278911)', 'ETN TP 16A MCB FAZ-K16/3(278911)', 0, 'eaton'),
(3831, 'ETN TP 16A MCB PLSMC16/3 242474', 'ETN TP 16A MCB PLSMC16/3 242474', 0, 'eaton'),
(3832, 'ETN TP20A MCB FAZ-D20/3 278897', 'ETN TP20A MCB FAZ-D20/3 278897', 0, 'eaton'),
(3833, 'ETN TP 20A MCB  PLSMC20/3 242475', 'ETN TP 20A MCB  PLSMC20/3 242475', 0, 'eaton'),
(3834, 'ETN TP 20 MCB FAZ-C20/3 (102251)', 'ETN TP 20 MCB FAZ-C20/3 (102251)', 0, 'eaton'),
(3835, 'ETN TP 20 MCB FAZK20/3 278912', 'ETN TP 20 MCB FAZK20/3 278912', 0, 'eaton'),
(3836, 'ETN TP 25A MCB \'D\' FAZ-D25/3  278898', 'ETN TP 25A MCB \'D\' FAZ-D25/3  278898', 0, 'eaton'),
(3837, 'ETN TP 25A MCB FAZ-K25/3 (278913)', 'ETN TP 25A MCB FAZ-K25/3 (278913)', 0, 'eaton'),
(3838, 'ETN TP 25A MCB PLSMC25/3 242476', 'ETN TP 25A MCB PLSMC25/3 242476', 0, 'eaton'),
(3839, 'ETN TP2A MCB FAZ-C2/3 278861', 'ETN TP2A MCB FAZ-C2/3 278861', 0, 'eaton'),
(3840, 'ETN TP32A MCB PLSMC32/3 242477', 'ETN TP32A MCB PLSMC32/3 242477', 0, 'eaton'),
(3841, 'ETN TP40A MCB PLSM C40/3 242478', 'ETN TP40A MCB PLSM C40/3 242478', 0, 'eaton'),
(3842, 'ETN TP 4A MCB PLSM-C4/3  242466', 'ETN TP 4A MCB PLSM-C4/3  242466', 0, 'eaton'),
(3843, 'ETN  TP 50A MCB FAZ-K50/3 (278916)', 'ETN  TP 50A MCB FAZ-K50/3 (278916)', 0, 'eaton'),
(3844, 'ETN TP50A MCB TYPE D PLSM-D50/3 113152', 'ETN TP50A MCB TYPE D PLSM-D50/3 113152', 0, 'eaton'),
(3845, 'ETN TP63A MCB FAZ-D63/3, UL1077 115375', 'ETN TP63A MCB FAZ-D63/3, UL1077 115375', 0, 'eaton'),
(3846, 'ETN TP 63A MCB PLSMC63/3 242480', 'ETN TP 63A MCB PLSMC63/3 242480', 0, 'eaton'),
(3847, 'ETN TP 6A MCB FAZ-K6/3  278907', 'ETN TP 6A MCB FAZ-K6/3  278907', 0, 'eaton'),
(3848, 'ETN TPN 40A MCB PLSM-C40/3N 242547', 'ETN TPN 40A MCB PLSM-C40/3N 242547', 0, 'eaton'),
(3849, 'ETN UTI,0-115 CONTROL TRANSFORMER 206929', 'ETN UTI,0-115 CONTROL TRANSFORMER 206929', 0, 'eaton'),
(3850, 'ETN XTCD18-11(110V AC) CMD 00527', 'ETN XTCD18-11(110V AC) CMD 00527', 0, 'eaton'),
(3851, 'ETN XTCD25-11(110V AC) CMD00535', 'ETN XTCD25-11(110V AC) CMD00535', 0, 'eaton'),
(3852, 'ETN XTCD9-11(110V) 9A TP CONTACTOR CMD00511', 'ETN XTCD9-11(110V) 9A TP CONTACTOR CMD00511', 0, 'eaton'),
(3853, 'ETN XTCD9-11(230V AC) CMD00513', 'ETN XTCD9-11(230V AC) CMD00513', 0, 'eaton'),
(3854, 'ETN XTOD18-4  OLR D  LINE 2.5-4A CMD00694', 'ETN XTOD18-4  OLR D  LINE 2.5-4A CMD00694', 0, 'eaton'),
(3855, 'ETN XTOD18-6  OLR D  LINE 4-6A CMD00695', 'ETN XTOD18-6  OLR D  LINE 4-6A CMD00695', 0, 'eaton'),
(3856, 'ETN ZB32-24  OLR 16 - 24 278453', 'ETN ZB32-24  OLR 16 - 24 278453', 0, 'eaton'),
(3857, 'ETN ZEB150-175  164303 ELECTRONIC OLR', 'ETN ZEB150-175  164303 ELECTRONIC OLR', 0, 'eaton');

-- --------------------------------------------------------

--
-- Table structure for table `core_outdocument`
--

CREATE TABLE `core_outdocument` (
  `id` bigint(20) NOT NULL,
  `date_posted` datetime(6) NOT NULL,
  `total_qty` int(11) NOT NULL,
  `total_rows` int(11) NOT NULL,
  `type` varchar(10) DEFAULT NULL,
  `invoiceno` varchar(75) DEFAULT NULL,
  `OAno` varchar(75) DEFAULT NULL,
  `remarks` varchar(30) DEFAULT NULL,
  `godown_id` bigint(20) NOT NULL,
  `person_id` bigint(20) NOT NULL
) ENGINE=InnoDB DEFAULT CHARSET=utf8mb4;

--
-- Dumping data for table `core_outdocument`
--

INSERT INTO `core_outdocument` (`id`, `date_posted`, `total_qty`, `total_rows`, `type`, `invoiceno`, `OAno`, `remarks`, `godown_id`, `person_id`) VALUES
(7, '2022-11-28 11:39:45.000000', 80, 3, 'OUT', NULL, NULL, NULL, 2, 3),
(8, '2022-11-28 11:41:49.000000', 5, 1, 'OUT', NULL, NULL, NULL, 2, 3),
(10, '2022-11-28 12:21:28.000000', 7, 3, 'OUT', NULL, NULL, NULL, 3, 10),
(11, '2022-11-28 12:22:10.000000', 6, 3, 'OUT', NULL, NULL, NULL, 4, 11),
(15, '2022-11-28 12:30:22.000000', 12, 2, 'OUT', NULL, NULL, NULL, 3, 10);

-- --------------------------------------------------------

--
-- Table structure for table `core_outdocumentitem`
--

CREATE TABLE `core_outdocumentitem` (
  `id` bigint(20) NOT NULL,
  `qty` int(11) NOT NULL,
  `godownitem_id` bigint(20) NOT NULL,
  `outdocument_id` bigint(20) NOT NULL
) ENGINE=InnoDB DEFAULT CHARSET=utf8mb4;

--
-- Dumping data for table `core_outdocumentitem`
--

INSERT INTO `core_outdocumentitem` (`id`, `qty`, `godownitem_id`, `outdocument_id`) VALUES
(11, 10, 19, 7),
(12, 30, 20, 7),
(13, 40, 21, 7),
(14, 5, 19, 8),
(18, 2, 25, 10),
(19, 2, 26, 10),
(20, 3, 27, 10),
(21, 2, 28, 11),
(22, 2, 29, 11),
(23, 2, 30, 11),
(30, 8, 25, 15),
(31, 4, 26, 15);

-- --------------------------------------------------------

--
-- Table structure for table `core_profile`
--

CREATE TABLE `core_profile` (
  `id` bigint(20) NOT NULL,
  `godown_assigned_id` bigint(20) NOT NULL,
  `user_id` int(11) NOT NULL
) ENGINE=InnoDB DEFAULT CHARSET=utf8mb4;

--
-- Dumping data for table `core_profile`
--

INSERT INTO `core_profile` (`id`, `godown_assigned_id`, `user_id`) VALUES
(1, 6, 1),
(3, 2, 2),
(4, 1, 3),
(9, 6, 6),
(10, 3, 7),
(11, 4, 8),
(12, 5, 9);

-- --------------------------------------------------------

--
-- Table structure for table `django_admin_log`
--

CREATE TABLE `django_admin_log` (
  `id` int(11) NOT NULL,
  `action_time` datetime(6) NOT NULL,
  `object_id` longtext DEFAULT NULL,
  `object_repr` varchar(200) NOT NULL,
  `action_flag` smallint(5) UNSIGNED NOT NULL CHECK (`action_flag` >= 0),
  `change_message` longtext NOT NULL,
  `content_type_id` int(11) DEFAULT NULL,
  `user_id` int(11) NOT NULL
) ENGINE=InnoDB DEFAULT CHARSET=utf8mb4;

--
-- Dumping data for table `django_admin_log`
--

INSERT INTO `django_admin_log` (`id`, `action_time`, `object_id`, `object_repr`, `action_flag`, `change_message`, `content_type_id`, `user_id`) VALUES
(1, '2022-11-28 07:34:10.805156', '1', 'Inventory Operators', 1, '[{\"added\": {}}]', 3, 1),
(2, '2022-11-28 07:34:23.264866', '2', 'Sandhya', 1, '[{\"added\": {}}]', 4, 1),
(3, '2022-11-28 07:34:29.622412', '2', 'Sandhya', 2, '[{\"changed\": {\"fields\": [\"Staff status\", \"Groups\"]}}]', 4, 1),
(4, '2022-11-28 07:34:40.060675', '3', 'Tukaram', 1, '[{\"added\": {}}]', 4, 1),
(5, '2022-11-28 07:34:45.306426', '3', 'Tukaram', 2, '[{\"changed\": {\"fields\": [\"Staff status\", \"Groups\"]}}]', 4, 1),
(6, '2022-11-28 07:34:55.416365', '4', 'Palan', 1, '[{\"added\": {}}]', 4, 1),
(7, '2022-11-28 07:35:04.838374', '4', 'Palan', 2, '[{\"changed\": {\"fields\": [\"Staff status\"]}}]', 4, 1),
(8, '2022-11-28 07:37:56.666330', '1', 'Bhiwandi', 1, '[{\"added\": {}}]', 7, 1),
(9, '2022-11-28 07:37:59.043361', '2', 'Vasai', 1, '[{\"added\": {}}]', 7, 1),
(10, '2022-11-28 07:38:01.169051', '3', 'M1', 1, '[{\"added\": {}}]', 7, 1),
(11, '2022-11-28 07:38:03.230906', '4', 'M2', 1, '[{\"added\": {}}]', 7, 1),
(12, '2022-11-28 07:38:05.349942', '5', 'M3', 1, '[{\"added\": {}}]', 7, 1),
(13, '2022-11-28 07:38:07.561785', '6', 'Haroon Building', 1, '[{\"added\": {}}]', 7, 1),
(14, '2022-11-28 07:38:13.654935', '1', 'Harshal', 1, '[{\"added\": {}}]', 9, 1),
(15, '2022-11-28 07:38:19.072709', '2', 'Palan', 1, '[{\"added\": {}}]', 9, 1),
(16, '2022-11-28 07:38:25.449784', '3', 'Sandhya', 1, '[{\"added\": {}}]', 9, 1),
(17, '2022-11-28 07:38:28.926973', '4', 'Tukaram', 1, '[{\"added\": {}}]', 9, 1),
(18, '2022-11-28 07:39:41.416631', '2', 'INC 2022-11-28 1', 1, '[{\"added\": {}}, {\"added\": {\"name\": \"in document item\", \"object\": \"FA32-BI 30\"}}]', 14, 2),
(19, '2022-11-28 07:39:54.595226', '2', 'INC 2022-11-28 1', 3, '', 14, 2),
(20, '2022-11-28 07:40:16.674441', '3', 'INC 2022-11-28 CSPL/01/151122', 1, '[{\"added\": {}}, {\"added\": {\"name\": \"in document item\", \"object\": \"170E3584 30\"}}, {\"added\": {\"name\": \"in document item\", \"object\": \"170L4716 40\"}}]', 14, 2),
(21, '2022-11-28 07:41:51.666681', '4', 'INC 2022-11-28 2', 1, '[{\"added\": {}}, {\"added\": {\"name\": \"in document item\", \"object\": \"SC20H 20\"}}, {\"added\": {\"name\": \"in document item\", \"object\": \"SC 213.2033 15\"}}, {\"added\": {\"name\": \"in document item\", \"object\": \"SC 218.6337  10\"}}]', 14, 2),
(22, '2022-11-28 08:06:20.240601', '5', 'Jatin', 1, '[{\"added\": {}}]', 4, 1),
(23, '2022-11-28 08:06:25.205089', '5', 'Jatin', 2, '[{\"changed\": {\"fields\": [\"Staff status\", \"Groups\"]}}]', 4, 1),
(24, '2022-11-28 08:06:41.728283', '5', 'Jatin', 3, '', 4, 1),
(25, '2022-11-28 08:14:22.632391', '5', 'INC 2022-11-28 None', 1, '[{\"added\": {}}, {\"added\": {\"name\": \"in document item\", \"object\": \"NSD4-BI 200\"}}, {\"added\": {\"name\": \"in document item\", \"object\": \"FA32-BI 200\"}}]', 14, 2),
(26, '2022-11-28 08:18:54.615788', '1', 'OUT 2022-11-28 None', 1, '[{\"added\": {}}, {\"added\": {\"name\": \"out document item\", \"object\": \"NSD4-BI Avail Nos170 30\"}}, {\"added\": {\"name\": \"out document item\", \"object\": \"FA32-BI Avail Nos170 30\"}}]', 12, 2),
(27, '2022-11-28 08:20:30.434166', '2', 'OUT 2022-11-28 None', 1, '[{\"added\": {}}, {\"added\": {\"name\": \"out document item\", \"object\": \"FA32-BI Avail Nos120 50\"}}, {\"added\": {\"name\": \"out document item\", \"object\": \"NSD4-BI Avail Nos120 50\"}}]', 12, 2),
(28, '2022-11-28 08:28:56.296744', '2', 'OUT 2022-11-28 None', 3, '', 12, 2),
(29, '2022-11-28 10:56:42.275427', '2', 'Inventory Manager', 1, '[{\"added\": {}}]', 3, 1),
(30, '2022-11-28 10:56:51.444255', '4', 'Palan', 2, '[{\"changed\": {\"fields\": [\"Groups\"]}}]', 4, 1),
(31, '2022-11-28 11:05:30.174730', '6', 'INC 2022-11-28 None', 1, '[{\"added\": {}}, {\"added\": {\"name\": \"in document item\", \"object\": \"ETN NZMH1-4-A40 MCCB 284422 20\"}}, {\"added\": {\"name\": \"in document item\", \"object\": \"ETN NZM3-XTVD 260170 20\"}}, {\"added\": {\"name\": \"in document item\", \"object\": \"ETN NZMH1-4-A32 MCCB 284420 25\"}}]', 14, 3),
(32, '2022-11-28 11:06:45.091010', '7', 'INC 2022-11-28 2', 1, '[{\"added\": {}}, {\"added\": {\"name\": \"in document item\", \"object\": \"ETN NZMB1A-63 63A TP MCCB 259077 20\"}}, {\"added\": {\"name\": \"in document item\", \"object\": \"ETN NZM4-XU380-440V AC UVR 266194 20\"}}]', 14, 3),
(33, '2022-11-28 11:07:18.308302', '8', 'INC 2022-11-28 CSPL/01/151126', 1, '[{\"added\": {}}, {\"added\": {\"name\": \"in document item\", \"object\": \"170E3584 12\"}}, {\"added\": {\"name\": \"in document item\", \"object\": \"170L4716 6\"}}]', 14, 3),
(36, '2022-11-28 11:34:25.418225', '4', 'OUT 2022-11-28 None', 1, '[{\"added\": {}}, {\"added\": {\"name\": \"out document item\", \"object\": \"170L4716 Avail Nos10 30\"}}]', 12, 1),
(37, '2022-11-28 11:35:34.044254', '5', 'OUT 2022-11-28 None', 1, '[{\"added\": {}}, {\"added\": {\"name\": \"out document item\", \"object\": \"170L7299 Avail Nos15 15\"}}]', 12, 1),
(38, '2022-11-28 11:36:02.709047', '9', 'INC 2022-11-28 None', 3, '', 14, 1),
(39, '2022-11-28 11:36:15.162945', '8', 'INC 2022-11-28 CSPL/01/151126', 3, '', 14, 1),
(40, '2022-11-28 11:36:23.517097', '7', 'INC 2022-11-28 2', 3, '', 14, 1),
(41, '2022-11-28 11:36:40.731690', '6', 'INC 2022-11-28 None', 3, '', 14, 1),
(42, '2022-11-28 11:36:44.052727', '5', 'INC 2022-11-28 None', 3, '', 14, 1),
(43, '2022-11-28 11:36:47.342972', '4', 'INC 2022-11-28 2', 3, '', 14, 1),
(45, '2022-11-28 11:37:23.651831', '18', '170L7299 Avail Nos-15', 3, '', 10, 1),
(46, '2022-11-28 11:37:23.671822', '17', '170L4716 Avail Nos30', 3, '', 10, 1),
(47, '2022-11-28 11:37:23.676363', '16', '170E3584 Avail Nos30', 3, '', 10, 1),
(48, '2022-11-28 11:37:23.685785', '8', 'FA32-BI Avail Nos-30', 3, '', 10, 1),
(49, '2022-11-28 11:37:23.690344', '7', 'NSD4-BI Avail Nos-30', 3, '', 10, 1),
(50, '2022-11-28 11:37:23.695066', '3', '170L4716 Avail Nos-20', 3, '', 10, 1),
(51, '2022-11-28 11:37:23.699654', '2', '170E3584 Avail Nos-20', 3, '', 10, 1),
(52, '2022-11-28 11:37:42.318283', '3', 'INC 2022-11-28 CSPL/01/151122', 3, '', 14, 1),
(53, '2022-11-28 11:37:48.635860', '5', 'OUT 2022-11-28 None', 3, '', 12, 1),
(54, '2022-11-28 11:37:48.650256', '4', 'OUT 2022-11-28 None', 3, '', 12, 1),
(55, '2022-11-28 11:37:48.659292', '3', 'OUT 2022-11-28 None', 3, '', 12, 1),
(56, '2022-11-28 11:37:48.663451', '1', 'OUT 2022-11-28 None', 3, '', 12, 1),
(57, '2022-11-28 11:37:56.570530', '18', '170L7299 Avail Nos-15', 3, '', 10, 1),
(58, '2022-11-28 11:37:56.582738', '17', '170L4716 Avail Nos30', 3, '', 10, 1),
(59, '2022-11-28 11:37:56.587922', '16', '170E3584 Avail Nos30', 3, '', 10, 1),
(60, '2022-11-28 11:37:56.593144', '8', 'FA32-BI Avail Nos-30', 3, '', 10, 1),
(61, '2022-11-28 11:37:56.597337', '7', 'NSD4-BI Avail Nos-30', 3, '', 10, 1),
(62, '2022-11-28 11:37:56.605671', '3', '170L4716 Avail Nos-20', 3, '', 10, 1),
(63, '2022-11-28 11:37:56.610848', '2', '170E3584 Avail Nos-20', 3, '', 10, 1),
(64, '2022-11-28 11:39:15.137689', '10', 'INC 2022-11-28 1', 1, '[{\"added\": {}}, {\"added\": {\"name\": \"in document item\", \"object\": \"170E3584 50\"}}, {\"added\": {\"name\": \"in document item\", \"object\": \"170L7299 30\"}}, {\"added\": {\"name\": \"in document item\", \"object\": \"170L8082 40\"}}]', 14, 2),
(65, '2022-11-28 11:39:33.701321', '6', 'OUT 2022-11-28 None', 1, '[{\"added\": {}}, {\"added\": {\"name\": \"out document item\", \"object\": \"170E3584 Avail Nos30 20\"}}, {\"added\": {\"name\": \"out document item\", \"object\": \"170L7299 Avail Nos10 20\"}}, {\"added\": {\"name\": \"out document item\", \"object\": \"170L8082 Avail Nos-5 45\"}}]', 12, 2),
(66, '2022-11-28 11:39:41.030053', '6', 'OUT 2022-11-28 None', 3, '', 12, 2),
(67, '2022-11-28 11:39:59.774740', '7', 'OUT 2022-11-28 None', 1, '[{\"added\": {}}, {\"added\": {\"name\": \"out document item\", \"object\": \"170E3584 Avail Nos40 10\"}}, {\"added\": {\"name\": \"out document item\", \"object\": \"170L7299 Avail Nos0 30\"}}, {\"added\": {\"name\": \"out document item\", \"object\": \"170L8082 Avail Nos0 40\"}}]', 12, 2),
(68, '2022-11-28 11:41:02.803872', '11', 'INC 2022-11-28 None', 1, '[{\"added\": {}}, {\"added\": {\"name\": \"in document item\", \"object\": \"170E3584 30\"}}, {\"added\": {\"name\": \"in document item\", \"object\": \"170L4716 30\"}}, {\"added\": {\"name\": \"in document item\", \"object\": \"170L7299 30\"}}]', 14, 3),
(69, '2022-11-28 11:41:56.094451', '8', 'OUT 2022-11-28 None', 1, '[{\"added\": {}}, {\"added\": {\"name\": \"out document item\", \"object\": \"170E3584 Avail Nos35 5\"}}]', 12, 2),
(70, '2022-11-28 11:48:25.727240', '12', 'INC 2022-11-28 None', 1, '[{\"added\": {}}, {\"added\": {\"name\": \"in document item\", \"object\": \"170E3584 100\"}}, {\"added\": {\"name\": \"in document item\", \"object\": \"170L4716 100\"}}]', 14, 1),
(71, '2022-11-28 11:54:53.707048', '4', 'Palan', 2, '[{\"changed\": {\"fields\": [\"Groups\"]}}]', 4, 1),
(72, '2022-11-28 12:00:07.396299', '5', 'Palan', 1, '[{\"added\": {}}]', 9, 1),
(73, '2022-11-28 12:00:10.730684', '6', 'Palan', 1, '[{\"added\": {}}]', 9, 1),
(74, '2022-11-28 12:00:14.403314', '7', 'Palan', 1, '[{\"added\": {}}]', 9, 1),
(75, '2022-11-28 12:01:46.000226', '7', 'Palan', 3, '', 9, 1),
(76, '2022-11-28 12:01:46.003316', '6', 'Palan', 3, '', 9, 1),
(77, '2022-11-28 12:01:46.007016', '5', 'Palan', 3, '', 9, 1),
(78, '2022-11-28 12:01:46.010304', '2', 'Palan', 3, '', 9, 1),
(79, '2022-11-28 12:08:36.921490', '8', 'Palan', 1, '[{\"added\": {}}]', 9, 1),
(80, '2022-11-28 12:09:03.702072', '4', 'PalanH', 2, '[{\"changed\": {\"fields\": [\"Username\"]}}]', 4, 1),
(81, '2022-11-28 12:10:14.104576', '4', 'Palan', 2, '[{\"changed\": {\"fields\": [\"Username\", \"Groups\"]}}]', 4, 1),
(86, '2022-11-28 12:16:41.366680', '4', 'Palan', 3, '', 4, 1),
(87, '2022-11-28 12:17:00.518681', '6', 'Palan', 1, '[{\"added\": {}}]', 4, 1),
(88, '2022-11-28 12:17:13.222080', '6', 'PalanH', 2, '[{\"changed\": {\"fields\": [\"Username\", \"Staff status\", \"Groups\"]}}]', 4, 1),
(89, '2022-11-28 12:17:40.418293', '7', 'PalanM1', 1, '[{\"added\": {}}]', 4, 1),
(90, '2022-11-28 12:17:48.108243', '7', 'PalanM1', 2, '[{\"changed\": {\"fields\": [\"Staff status\", \"Groups\"]}}]', 4, 1),
(91, '2022-11-28 12:18:02.316815', '8', 'PalanM2', 1, '[{\"added\": {}}]', 4, 1),
(92, '2022-11-28 12:18:07.074314', '8', 'PalanM2', 2, '[{\"changed\": {\"fields\": [\"Staff status\", \"Groups\"]}}]', 4, 1),
(93, '2022-11-28 12:18:17.995892', '9', 'PalanM3', 1, '[{\"added\": {}}]', 4, 1),
(94, '2022-11-28 12:18:23.187857', '9', 'PalanM3', 2, '[{\"changed\": {\"fields\": [\"Staff status\", \"Groups\"]}}]', 4, 1),
(95, '2022-11-28 12:18:40.627822', '9', 'PalanH', 1, '[{\"added\": {}}]', 9, 1),
(96, '2022-11-28 12:18:44.267222', '10', 'PalanM1', 1, '[{\"added\": {}}]', 9, 1),
(97, '2022-11-28 12:18:47.722673', '11', 'PalanM2', 1, '[{\"added\": {}}]', 9, 1),
(98, '2022-11-28 12:18:51.582670', '12', 'PalanM3', 1, '[{\"added\": {}}]', 9, 1),
(99, '2022-11-28 12:20:37.388798', '16', 'INC 2022-11-28 None', 1, '[{\"added\": {}}, {\"added\": {\"name\": \"in document item\", \"object\": \"170E3584 5\"}}, {\"added\": {\"name\": \"in document item\", \"object\": \"170L4716 5\"}}, {\"added\": {\"name\": \"in document item\", \"object\": \"170L7299 5\"}}]', 14, 7),
(100, '2022-11-28 12:21:22.153038', '16', 'INC 2022-11-28 None', 3, '', 14, 7),
(101, '2022-11-28 12:21:44.578047', '10', 'OUT 2022-11-28 None', 1, '[{\"added\": {}}, {\"added\": {\"name\": \"out document item\", \"object\": \"170E3584 Avl Nos 18(M1) 2\"}}, {\"added\": {\"name\": \"out document item\", \"object\": \"170L4716 Avl Nos 18(M1) 2\"}}, {\"added\": {\"name\": \"out document item\", \"object\": \"170L7299 Avl Nos 0(M1) 3\"}}]', 12, 7),
(102, '2022-11-28 12:22:21.682928', '11', 'OUT 2022-11-28 None', 1, '[{\"added\": {}}, {\"added\": {\"name\": \"out document item\", \"object\": \"170E3584 Avl Nos 4(M2) 2\"}}, {\"added\": {\"name\": \"out document item\", \"object\": \"170L4716 Avl Nos 4(M2) 2\"}}, {\"added\": {\"name\": \"out document item\", \"object\": \"170L7299 Avl Nos 4(M2) 2\"}}]', 12, 8),
(103, '2022-11-28 12:22:54.632451', '12', 'OUT 2022-11-28 None', 1, '[{\"added\": {}}, {\"added\": {\"name\": \"out document item\", \"object\": \"170L4716 Avl Nos 12(M1) 6\"}}, {\"added\": {\"name\": \"out document item\", \"object\": \"170L4716 Avl Nos 12(M1) 6\"}}]', 12, 7),
(104, '2022-11-28 12:26:21.195987', '12', 'OUT 2022-11-28 None', 3, '', 12, 7),
(105, '2022-11-28 12:26:40.781082', '13', 'OUT 2022-11-28 None', 1, '[{\"added\": {}}, {\"added\": {\"name\": \"out document item\", \"object\": \"170E3584 Avl Nos 12(M1) 6\"}}, {\"added\": {\"name\": \"out document item\", \"object\": \"170L4716 Avl Nos 18(M1) 6\"}}]', 12, 7),
(106, '2022-11-28 12:26:54.383279', '13', 'OUT 2022-11-28 None', 3, '', 12, 7),
(107, '2022-11-28 12:29:34.284104', '14', 'OUT 2022-11-28 None', 1, '[{\"added\": {}}, {\"added\": {\"name\": \"out document item\", \"object\": \"170L4716 Avl Nos 20(M1) 4\"}}, {\"added\": {\"name\": \"out document item\", \"object\": \"170E3584 Avl Nos 14(M1) 4\"}}]', 12, 7),
(108, '2022-11-28 12:30:14.181451', '14', 'OUT 2022-11-28 None', 3, '', 12, 7),
(109, '2022-11-28 12:30:31.738713', '15', 'OUT 2022-11-28 None', 1, '[{\"added\": {}}, {\"added\": {\"name\": \"out document item\", \"object\": \"170E3584 Avl Nos 10(M1) 8\"}}, {\"added\": {\"name\": \"out document item\", \"object\": \"170L4716 Avl Nos 20(M1) 4\"}}]', 12, 7),
(110, '2022-11-28 12:30:55.506643', '17', 'INC 2022-11-28 None', 1, '[{\"added\": {}}, {\"added\": {\"name\": \"in document item\", \"object\": \"170E3584 10\"}}]', 14, 7),
(111, '2022-11-28 12:31:14.266717', '18', 'INC 2022-11-28 None', 1, '[{\"added\": {}}, {\"added\": {\"name\": \"in document item\", \"object\": \"170L7299 10\"}}]', 14, 7);

-- --------------------------------------------------------

--
-- Table structure for table `django_content_type`
--

CREATE TABLE `django_content_type` (
  `id` int(11) NOT NULL,
  `app_label` varchar(100) NOT NULL,
  `model` varchar(100) NOT NULL
) ENGINE=InnoDB DEFAULT CHARSET=utf8mb4;

--
-- Dumping data for table `django_content_type`
--

INSERT INTO `django_content_type` (`id`, `app_label`, `model`) VALUES
(1, 'admin', 'logentry'),
(3, 'auth', 'group'),
(2, 'auth', 'permission'),
(4, 'auth', 'user'),
(5, 'contenttypes', 'contenttype'),
(7, 'core', 'godown'),
(10, 'core', 'godownitem'),
(14, 'core', 'indocument'),
(13, 'core', 'indocumentitem'),
(8, 'core', 'item'),
(12, 'core', 'outdocument'),
(11, 'core', 'outdocumentitem'),
(9, 'core', 'profile'),
(6, 'sessions', 'session');

-- --------------------------------------------------------

--
-- Table structure for table `django_migrations`
--

CREATE TABLE `django_migrations` (
  `id` bigint(20) NOT NULL,
  `app` varchar(255) NOT NULL,
  `name` varchar(255) NOT NULL,
  `applied` datetime(6) NOT NULL
) ENGINE=InnoDB DEFAULT CHARSET=utf8mb4;

--
-- Dumping data for table `django_migrations`
--

INSERT INTO `django_migrations` (`id`, `app`, `name`, `applied`) VALUES
(1, 'contenttypes', '0001_initial', '2022-11-28 07:31:14.012384'),
(2, 'auth', '0001_initial', '2022-11-28 07:31:14.771686'),
(3, 'admin', '0001_initial', '2022-11-28 07:31:14.942022'),
(4, 'admin', '0002_logentry_remove_auto_add', '2022-11-28 07:31:14.968931'),
(5, 'admin', '0003_logentry_add_action_flag_choices', '2022-11-28 07:31:14.982930'),
(6, 'contenttypes', '0002_remove_content_type_name', '2022-11-28 07:31:15.064929'),
(7, 'auth', '0002_alter_permission_name_max_length', '2022-11-28 07:31:15.149473'),
(8, 'auth', '0003_alter_user_email_max_length', '2022-11-28 07:31:15.198471'),
(9, 'auth', '0004_alter_user_username_opts', '2022-11-28 07:31:15.209475'),
(10, 'auth', '0005_alter_user_last_login_null', '2022-11-28 07:31:15.279472'),
(11, 'auth', '0006_require_contenttypes_0002', '2022-11-28 07:31:15.285482'),
(12, 'auth', '0007_alter_validators_add_error_messages', '2022-11-28 07:31:15.299473'),
(13, 'auth', '0008_alter_user_username_max_length', '2022-11-28 07:31:15.321474'),
(14, 'auth', '0009_alter_user_last_name_max_length', '2022-11-28 07:31:15.347474'),
(15, 'auth', '0010_alter_group_name_max_length', '2022-11-28 07:31:15.371473'),
(16, 'auth', '0011_update_proxy_permissions', '2022-11-28 07:31:15.383474'),
(17, 'auth', '0012_alter_user_first_name_max_length', '2022-11-28 07:31:15.405472'),
(18, 'core', '0001_initial', '2022-11-28 07:31:16.117540'),
(19, 'core', '0002_alter_document_type_alter_documentitem_item_and_more', '2022-11-28 07:31:16.650418'),
(20, 'core', '0003_remove_outdocumentitem_document_and_more', '2022-11-28 07:31:16.812231'),
(21, 'core', '0004_indocumentitem_rename_document_indocument_and_more', '2022-11-28 07:31:17.142997'),
(22, 'sessions', '0001_initial', '2022-11-28 07:31:17.198633'),
(23, 'core', '0005_alter_profile_godown_assigned', '2022-11-28 12:07:55.706999'),
(24, 'core', '0006_alter_profile_godown_assigned', '2022-11-28 12:08:27.204256');

-- --------------------------------------------------------

--
-- Table structure for table `django_session`
--

CREATE TABLE `django_session` (
  `session_key` varchar(40) NOT NULL,
  `session_data` longtext NOT NULL,
  `expire_date` datetime(6) NOT NULL
) ENGINE=InnoDB DEFAULT CHARSET=utf8mb4;

--
-- Dumping data for table `django_session`
--

INSERT INTO `django_session` (`session_key`, `session_data`, `expire_date`) VALUES
('1mlnc8gm32bgd3zog4ga2sfgxvx25840', '.eJxVjMsOwiAQRf-FtSGUh4BL934DmWGmUjWQlHZl_HfbpAvdnnPufYsE61LS2nlOE4mL0OL0yxDyk-su6AH13mRudZknlHsiD9vlrRG_rkf7d1Cgl23tlScGAuJowFjnA47sXUCI2oSAyJTd6KzljTigQasBNKHy0Stlz-LzBQs8OF8:1ozZBX:Sys4aB9oTKWeyXsz2_VKgGeusGJX1wVlEk3klCPunGQ', '2022-12-12 08:08:15.567610'),
('2t6zyhngt1g3y8hi5lhhd3p0732kagsm', '.eJxVjMEOwiAQRP-FsyEsZUPr0bvfQBZ2kaqhSWlPjf9um_Sgt8m8N7OpQOtSwtpkDiOrq3Lq8ttFSi-pB-An1cek01SXeYz6UPRJm75PLO_b6f4dFGplX6NAxxEdWJ_EZ9MzWBgigEnWuwE7cgJIIMhs0WQPfRZyxtMeM2T1-QLNojeO:1ozcHK:j_4qvWyshAzLEcRUJ0CUsn760-sapvrM6uB6S_Vfk0E', '2022-12-12 11:26:26.519025'),
('fir2bjgzt5sk7uik1w5l4t1yl3f1aagg', '.eJxVjMsOwiAQRf-FtSGUh4BL934DmWGmUjWQlHZl_HfbpAvdnnPufYsE61LS2nlOE4mL0OL0yxDyk-su6AH13mRudZknlHsiD9vlrRG_rkf7d1Cgl23tlScGAuJowFjnA47sXUCI2oSAyJTd6KzljTigQasBNKHy0Stlz-LzBQs8OF8:1ozYiz:vW2Dc4wa9l_hd0veW1zBAcHk2BfHqauTc7F0TCmTVoc', '2022-12-12 07:38:45.292512');

--
-- Indexes for dumped tables
--

--
-- Indexes for table `auth_group`
--
ALTER TABLE `auth_group`
  ADD PRIMARY KEY (`id`),
  ADD UNIQUE KEY `name` (`name`);

--
-- Indexes for table `auth_group_permissions`
--
ALTER TABLE `auth_group_permissions`
  ADD PRIMARY KEY (`id`),
  ADD UNIQUE KEY `auth_group_permissions_group_id_permission_id_0cd325b0_uniq` (`group_id`,`permission_id`),
  ADD KEY `auth_group_permissio_permission_id_84c5c92e_fk_auth_perm` (`permission_id`);

--
-- Indexes for table `auth_permission`
--
ALTER TABLE `auth_permission`
  ADD PRIMARY KEY (`id`),
  ADD UNIQUE KEY `auth_permission_content_type_id_codename_01ab375a_uniq` (`content_type_id`,`codename`);

--
-- Indexes for table `auth_user`
--
ALTER TABLE `auth_user`
  ADD PRIMARY KEY (`id`),
  ADD UNIQUE KEY `username` (`username`);

--
-- Indexes for table `auth_user_groups`
--
ALTER TABLE `auth_user_groups`
  ADD PRIMARY KEY (`id`),
  ADD UNIQUE KEY `auth_user_groups_user_id_group_id_94350c0c_uniq` (`user_id`,`group_id`),
  ADD KEY `auth_user_groups_group_id_97559544_fk_auth_group_id` (`group_id`);

--
-- Indexes for table `auth_user_user_permissions`
--
ALTER TABLE `auth_user_user_permissions`
  ADD PRIMARY KEY (`id`),
  ADD UNIQUE KEY `auth_user_user_permissions_user_id_permission_id_14a6b632_uniq` (`user_id`,`permission_id`),
  ADD KEY `auth_user_user_permi_permission_id_1fbb5f2c_fk_auth_perm` (`permission_id`);

--
-- Indexes for table `core_godown`
--
ALTER TABLE `core_godown`
  ADD PRIMARY KEY (`id`);

--
-- Indexes for table `core_godownitem`
--
ALTER TABLE `core_godownitem`
  ADD PRIMARY KEY (`id`),
  ADD KEY `core_godownitem_godown_id_5620f7e1_fk_core_godown_id` (`godown_id`),
  ADD KEY `core_godownitem_item_id_75954a4d_fk_core_item_id` (`item_id`);

--
-- Indexes for table `core_indocument`
--
ALTER TABLE `core_indocument`
  ADD PRIMARY KEY (`id`),
  ADD KEY `core_document_godown_id_66c481ba_fk_core_godown_id` (`godown_id`),
  ADD KEY `core_document_person_id_f8b1161a_fk_core_profile_id` (`person_id`);

--
-- Indexes for table `core_indocumentitem`
--
ALTER TABLE `core_indocumentitem`
  ADD PRIMARY KEY (`id`),
  ADD KEY `core_indocumentitem_indocument_id_4d24dd2d_fk_core_indocument_id` (`indocument_id`),
  ADD KEY `core_indocumentitem_item_id_4aa9c904_fk_core_item_id` (`item_id`);

--
-- Indexes for table `core_item`
--
ALTER TABLE `core_item`
  ADD PRIMARY KEY (`id`),
  ADD UNIQUE KEY `item_code` (`item_code`);

--
-- Indexes for table `core_outdocument`
--
ALTER TABLE `core_outdocument`
  ADD PRIMARY KEY (`id`),
  ADD KEY `core_outdocument_godown_id_2caa920f_fk_core_godown_id` (`godown_id`),
  ADD KEY `core_outdocument_person_id_910cfd45_fk_core_profile_id` (`person_id`);

--
-- Indexes for table `core_outdocumentitem`
--
ALTER TABLE `core_outdocumentitem`
  ADD PRIMARY KEY (`id`),
  ADD KEY `core_outdocumentitem_godownitem_id_080c9dea_fk_core_godo` (`godownitem_id`),
  ADD KEY `core_outdocumentitem_outdocument_id_e79060c4_fk_core_outd` (`outdocument_id`);

--
-- Indexes for table `core_profile`
--
ALTER TABLE `core_profile`
  ADD PRIMARY KEY (`id`),
  ADD KEY `core_profile_godown_assigned_id_8dddf655_fk_core_godown_id` (`godown_assigned_id`),
  ADD KEY `core_profile_user_id_bf8ada58_fk_auth_user_id` (`user_id`);

--
-- Indexes for table `django_admin_log`
--
ALTER TABLE `django_admin_log`
  ADD PRIMARY KEY (`id`),
  ADD KEY `django_admin_log_content_type_id_c4bce8eb_fk_django_co` (`content_type_id`),
  ADD KEY `django_admin_log_user_id_c564eba6_fk_auth_user_id` (`user_id`);

--
-- Indexes for table `django_content_type`
--
ALTER TABLE `django_content_type`
  ADD PRIMARY KEY (`id`),
  ADD UNIQUE KEY `django_content_type_app_label_model_76bd3d3b_uniq` (`app_label`,`model`);

--
-- Indexes for table `django_migrations`
--
ALTER TABLE `django_migrations`
  ADD PRIMARY KEY (`id`);

--
-- Indexes for table `django_session`
--
ALTER TABLE `django_session`
  ADD PRIMARY KEY (`session_key`),
  ADD KEY `django_session_expire_date_a5c62663` (`expire_date`);

--
-- AUTO_INCREMENT for dumped tables
--

--
-- AUTO_INCREMENT for table `auth_group`
--
ALTER TABLE `auth_group`
  MODIFY `id` int(11) NOT NULL AUTO_INCREMENT, AUTO_INCREMENT=3;

--
-- AUTO_INCREMENT for table `auth_group_permissions`
--
ALTER TABLE `auth_group_permissions`
  MODIFY `id` bigint(20) NOT NULL AUTO_INCREMENT, AUTO_INCREMENT=35;

--
-- AUTO_INCREMENT for table `auth_permission`
--
ALTER TABLE `auth_permission`
  MODIFY `id` int(11) NOT NULL AUTO_INCREMENT, AUTO_INCREMENT=57;

--
-- AUTO_INCREMENT for table `auth_user`
--
ALTER TABLE `auth_user`
  MODIFY `id` int(11) NOT NULL AUTO_INCREMENT, AUTO_INCREMENT=10;

--
-- AUTO_INCREMENT for table `auth_user_groups`
--
ALTER TABLE `auth_user_groups`
  MODIFY `id` bigint(20) NOT NULL AUTO_INCREMENT, AUTO_INCREMENT=11;

--
-- AUTO_INCREMENT for table `auth_user_user_permissions`
--
ALTER TABLE `auth_user_user_permissions`
  MODIFY `id` bigint(20) NOT NULL AUTO_INCREMENT;

--
-- AUTO_INCREMENT for table `core_godown`
--
ALTER TABLE `core_godown`
  MODIFY `id` bigint(20) NOT NULL AUTO_INCREMENT, AUTO_INCREMENT=7;

--
-- AUTO_INCREMENT for table `core_godownitem`
--
ALTER TABLE `core_godownitem`
  MODIFY `id` bigint(20) NOT NULL AUTO_INCREMENT, AUTO_INCREMENT=34;

--
-- AUTO_INCREMENT for table `core_indocument`
--
ALTER TABLE `core_indocument`
  MODIFY `id` bigint(20) NOT NULL AUTO_INCREMENT, AUTO_INCREMENT=19;

--
-- AUTO_INCREMENT for table `core_indocumentitem`
--
ALTER TABLE `core_indocumentitem`
  MODIFY `id` bigint(20) NOT NULL AUTO_INCREMENT, AUTO_INCREMENT=41;

--
-- AUTO_INCREMENT for table `core_item`
--
ALTER TABLE `core_item`
  MODIFY `id` bigint(20) NOT NULL AUTO_INCREMENT, AUTO_INCREMENT=3858;

--
-- AUTO_INCREMENT for table `core_outdocument`
--
ALTER TABLE `core_outdocument`
  MODIFY `id` bigint(20) NOT NULL AUTO_INCREMENT, AUTO_INCREMENT=16;

--
-- AUTO_INCREMENT for table `core_outdocumentitem`
--
ALTER TABLE `core_outdocumentitem`
  MODIFY `id` bigint(20) NOT NULL AUTO_INCREMENT, AUTO_INCREMENT=32;

--
-- AUTO_INCREMENT for table `core_profile`
--
ALTER TABLE `core_profile`
  MODIFY `id` bigint(20) NOT NULL AUTO_INCREMENT, AUTO_INCREMENT=13;

--
-- AUTO_INCREMENT for table `django_admin_log`
--
ALTER TABLE `django_admin_log`
  MODIFY `id` int(11) NOT NULL AUTO_INCREMENT, AUTO_INCREMENT=112;

--
-- AUTO_INCREMENT for table `django_content_type`
--
ALTER TABLE `django_content_type`
  MODIFY `id` int(11) NOT NULL AUTO_INCREMENT, AUTO_INCREMENT=15;

--
-- AUTO_INCREMENT for table `django_migrations`
--
ALTER TABLE `django_migrations`
  MODIFY `id` bigint(20) NOT NULL AUTO_INCREMENT, AUTO_INCREMENT=25;

--
-- Constraints for dumped tables
--

--
-- Constraints for table `auth_group_permissions`
--
ALTER TABLE `auth_group_permissions`
  ADD CONSTRAINT `auth_group_permissio_permission_id_84c5c92e_fk_auth_perm` FOREIGN KEY (`permission_id`) REFERENCES `auth_permission` (`id`),
  ADD CONSTRAINT `auth_group_permissions_group_id_b120cbf9_fk_auth_group_id` FOREIGN KEY (`group_id`) REFERENCES `auth_group` (`id`);

--
-- Constraints for table `auth_permission`
--
ALTER TABLE `auth_permission`
  ADD CONSTRAINT `auth_permission_content_type_id_2f476e4b_fk_django_co` FOREIGN KEY (`content_type_id`) REFERENCES `django_content_type` (`id`);

--
-- Constraints for table `auth_user_groups`
--
ALTER TABLE `auth_user_groups`
  ADD CONSTRAINT `auth_user_groups_group_id_97559544_fk_auth_group_id` FOREIGN KEY (`group_id`) REFERENCES `auth_group` (`id`),
  ADD CONSTRAINT `auth_user_groups_user_id_6a12ed8b_fk_auth_user_id` FOREIGN KEY (`user_id`) REFERENCES `auth_user` (`id`);

--
-- Constraints for table `auth_user_user_permissions`
--
ALTER TABLE `auth_user_user_permissions`
  ADD CONSTRAINT `auth_user_user_permi_permission_id_1fbb5f2c_fk_auth_perm` FOREIGN KEY (`permission_id`) REFERENCES `auth_permission` (`id`),
  ADD CONSTRAINT `auth_user_user_permissions_user_id_a95ead1b_fk_auth_user_id` FOREIGN KEY (`user_id`) REFERENCES `auth_user` (`id`);

--
-- Constraints for table `core_godownitem`
--
ALTER TABLE `core_godownitem`
  ADD CONSTRAINT `core_godownitem_godown_id_5620f7e1_fk_core_godown_id` FOREIGN KEY (`godown_id`) REFERENCES `core_godown` (`id`),
  ADD CONSTRAINT `core_godownitem_item_id_75954a4d_fk_core_item_id` FOREIGN KEY (`item_id`) REFERENCES `core_item` (`id`);

--
-- Constraints for table `core_indocument`
--
ALTER TABLE `core_indocument`
  ADD CONSTRAINT `core_document_godown_id_66c481ba_fk_core_godown_id` FOREIGN KEY (`godown_id`) REFERENCES `core_godown` (`id`),
  ADD CONSTRAINT `core_document_person_id_f8b1161a_fk_core_profile_id` FOREIGN KEY (`person_id`) REFERENCES `core_profile` (`id`);

--
-- Constraints for table `core_indocumentitem`
--
ALTER TABLE `core_indocumentitem`
  ADD CONSTRAINT `core_indocumentitem_indocument_id_4d24dd2d_fk_core_indocument_id` FOREIGN KEY (`indocument_id`) REFERENCES `core_indocument` (`id`),
  ADD CONSTRAINT `core_indocumentitem_item_id_4aa9c904_fk_core_item_id` FOREIGN KEY (`item_id`) REFERENCES `core_item` (`id`);

--
-- Constraints for table `core_outdocument`
--
ALTER TABLE `core_outdocument`
  ADD CONSTRAINT `core_outdocument_godown_id_2caa920f_fk_core_godown_id` FOREIGN KEY (`godown_id`) REFERENCES `core_godown` (`id`),
  ADD CONSTRAINT `core_outdocument_person_id_910cfd45_fk_core_profile_id` FOREIGN KEY (`person_id`) REFERENCES `core_profile` (`id`);

--
-- Constraints for table `core_outdocumentitem`
--
ALTER TABLE `core_outdocumentitem`
  ADD CONSTRAINT `core_outdocumentitem_godownitem_id_080c9dea_fk_core_godo` FOREIGN KEY (`godownitem_id`) REFERENCES `core_godownitem` (`id`),
  ADD CONSTRAINT `core_outdocumentitem_outdocument_id_e79060c4_fk_core_outd` FOREIGN KEY (`outdocument_id`) REFERENCES `core_outdocument` (`id`);

--
-- Constraints for table `core_profile`
--
ALTER TABLE `core_profile`
  ADD CONSTRAINT `core_profile_godown_assigned_id_8dddf655_fk_core_godown_id` FOREIGN KEY (`godown_assigned_id`) REFERENCES `core_godown` (`id`),
  ADD CONSTRAINT `core_profile_user_id_bf8ada58_fk_auth_user_id` FOREIGN KEY (`user_id`) REFERENCES `auth_user` (`id`);

--
-- Constraints for table `django_admin_log`
--
ALTER TABLE `django_admin_log`
  ADD CONSTRAINT `django_admin_log_content_type_id_c4bce8eb_fk_django_co` FOREIGN KEY (`content_type_id`) REFERENCES `django_content_type` (`id`),
  ADD CONSTRAINT `django_admin_log_user_id_c564eba6_fk_auth_user_id` FOREIGN KEY (`user_id`) REFERENCES `auth_user` (`id`);
COMMIT;

/*!40101 SET CHARACTER_SET_CLIENT=@OLD_CHARACTER_SET_CLIENT */;
/*!40101 SET CHARACTER_SET_RESULTS=@OLD_CHARACTER_SET_RESULTS */;
/*!40101 SET COLLATION_CONNECTION=@OLD_COLLATION_CONNECTION */;
